﻿<?xml version="1.0" encoding="utf-8"?>
<deployment>
  <id>ff7b872a-0248-4903-8f71-97b675cc413d</id>
  <author>N/A</author>
  <deployer>OneDeploy</deployer>
  <authorEmail>N/A</authorEmail>
  <message>OneDeploy</message>
  <progress></progress>
  <status>Success</status>
  <statusText></statusText>
  <lastSuccessEndTime>2025-10-24T20:30:13.8589177Z</lastSuccessEndTime>
  <receivedTime>2025-10-24T20:30:08.7283412Z</receivedTime>
  <startTime>2025-10-24T20:30:10.0126976Z</startTime>
  <endTime>2025-10-24T20:30:13.8589177Z</endTime>
  <complete>True</complete>
  <is_temp>False</is_temp>
  <is_readonly>True</is_readonly>
  <buildSummary />
</deployment>