﻿<?xml version="1.0" encoding="utf-8"?>
<deployment>
  <id>be4afe42-fccc-454a-9bd8-961b6911d230</id>
  <author>N/A</author>
  <deployer>OneDeploy</deployer>
  <authorEmail>N/A</authorEmail>
  <message>OneDeploy</message>
  <progress></progress>
  <status>Success</status>
  <statusText></statusText>
  <lastSuccessEndTime>2025-10-22T17:39:30.831998Z</lastSuccessEndTime>
  <receivedTime>2025-10-22T17:39:25.5986926Z</receivedTime>
  <startTime>2025-10-22T17:39:26.8555843Z</startTime>
  <endTime>2025-10-22T17:39:30.831998Z</endTime>
  <complete>True</complete>
  <is_temp>False</is_temp>
  <is_readonly>True</is_readonly>
  <buildSummary />
</deployment>