﻿<?xml version="1.0" encoding="utf-8"?>
<deployment>
  <id>b1fe8bc0-194e-4233-bbcf-7c89940d705e</id>
  <author>N/A</author>
  <deployer>OneDeploy</deployer>
  <authorEmail>N/A</authorEmail>
  <message>OneDeploy</message>
  <progress></progress>
  <status>Success</status>
  <statusText></statusText>
  <lastSuccessEndTime>2025-10-22T20:12:03.577301Z</lastSuccessEndTime>
  <receivedTime>2025-10-22T20:11:58.0690212Z</receivedTime>
  <startTime>2025-10-22T20:11:59.3330907Z</startTime>
  <endTime>2025-10-22T20:12:03.577301Z</endTime>
  <complete>True</complete>
  <is_temp>False</is_temp>
  <is_readonly>True</is_readonly>
  <buildSummary />
</deployment>