﻿<?xml version="1.0" encoding="utf-8"?>
<deployment>
  <id>f22b989f-b948-413c-8c32-2c7249c9a4a2</id>
  <author>N/A</author>
  <deployer>OneDeploy</deployer>
  <authorEmail>N/A</authorEmail>
  <message>OneDeploy</message>
  <progress></progress>
  <status>Success</status>
  <statusText></statusText>
  <lastSuccessEndTime>2025-10-22T20:08:01.2393998Z</lastSuccessEndTime>
  <receivedTime>2025-10-22T20:07:56.2611084Z</receivedTime>
  <startTime>2025-10-22T20:07:57.5640376Z</startTime>
  <endTime>2025-10-22T20:08:01.2393998Z</endTime>
  <complete>True</complete>
  <is_temp>False</is_temp>
  <is_readonly>True</is_readonly>
  <buildSummary />
</deployment>