<step title="Incoming Request" date="2025-10-24T20:30:04.665" instance="f79af4" url="/api/publish?async=true&amp;deployer=GITHUB_ONE_DEPLOY&amp;type=zip&amp;message=%7B%22type%22%3A%22deployment%22%2C%22sha%22%3A%2220e9232d6c9728264f916ece9143ebe9c742f66e%22%2C%22repoName%22%3A%22Viking-Restaurant-Consultants%2FOdins-Almanac-site%22%2C%22actor%22%3A%22huffstetler312-dotcom%22%2C%22slotName%22%3A%22production%22%2C%22commitMessage%22%3A%22Remove%20node_modules%20from%20Git%20tracking%22%7D" method="POST" type="request" pid="821,1,54" Host="odinsalmanac-drbxbhewetbghqdu.scm.westcentralus-01.azurewebsites.net" User-Agent="GITHUBACTIONS_DeployWebAppToAzure_c4b12f9f412cb9eab3363b9552d68afb4a9340a4604608b3a9a6c6760314d16a" Authorization="Bea..." Content-Type="application/octet-stream" Cookie="ARRAffinity=f79af48d966e1e24bd367d8501e7295b6b8bed83c9c0c48a75a15dd2b0f4f9f0;Path=/;HttpOnly;Secure;Domain=odinsalmanac-drbxbhewetbghqdu.scm.westcentralus-01.azurewebsites.net; ARRAffinitySameSite=f79af48d966e1e24bd367d8501e7295b6b8bed83c9c0c48a75a15dd2b0f4f9f0;Path=/;HttpOnly;SameSite=None;Secure;Domain=odinsalmanac-drbxbhewetbghqdu.scm.westcentralus-01.azurewebsites.net" Transfer-Encoding="chunked" X-ARR-LOG-ID="aaf185e9-c475-4f80-b6cd-b26128d3da90" CLIENT-IP="172.184.211.37:2088" X-SITE-DEPLOYMENT-ID="Odinsalmanac" WAS-DEFAULT-HOSTNAME="odinsalmanac-drbxbhewetbghqdu.scm.westcentralus-01.azurewebsites.net" X-Forwarded-Proto="https" X-AppService-Proto="https" X-Forwarded-TlsVersion="1.3" X-WAWS-Unencoded-URL="/api/publish?async=true&amp;deployer=GITHUB_ONE_DEPLOY&amp;type=zip&amp;message=%7B%22type%22%3A%22deployment%22%2C%22sha%22%3A%2220e9232d6c9728264f916ece9143ebe9c742f66e%22%2C%22repoName%22%3A%22Viking-Restaurant-Consultants%2FOdins-Almanac-site%22%2C%22actor%22%3A%22huffstetler312-dotcom%22%2C%22slotName%22%3A%22production%22%2C%22commitMessage%22%3A%22Remove%20node_modules%20from%20Git%20tracking%22%7D" X-Client-IP="172.184.211.37" X-Client-Port="2088" >
  <step title="OneDeploy" date="2025-10-24T20:30:04.700" >
    <step title="Starting PushDeployAsync" date="2025-10-24T20:30:04.712" /><!-- duration: 2ms -->
    <step title="Removing node_modules symlink" date="2025-10-24T20:30:04.725" >
      <step title="Writing artifact to /tmp/zipdeploy/c48a9811-dc01-4530-8433-1ea4ffc77709.zip" date="2025-10-24T20:30:04.796" >
        <step title="Writing multipart request body to /tmp/zipdeploy/c48a9811-dc01-4530-8433-1ea4ffc77709.zip" date="2025-10-24T20:30:04.799" /><!-- duration: 2ms -->
      </step><!-- duration: 38ms -->
      <step title="Start deployment in the background" date="2025-10-24T20:30:04.841" >
        <step title="Acquiring Deployment Lock" date="2025-10-24T20:30:04.849" /><!-- duration: 2ms -->
        <step title="Acquired Deployment Lock" date="2025-10-24T20:30:04.900" /><!-- duration: 2ms -->
      </step><!-- duration: 119ms -->
    </step><!-- duration: 248ms -->
    <step title="Outgoing response" date="2025-10-24T20:30:04.979" type="response" statusCode="202" statusText="Accepted" /><!-- duration: 2ms -->
  </step><!-- duration: 282ms -->
