<step title="Incoming Request" date="2025-10-22T20:11:54.150" instance="f79af4" url="/api/publish?async=true&amp;deployer=GITHUB_ONE_DEPLOY&amp;type=zip&amp;message=%7B%22type%22%3A%22deployment%22%2C%22sha%22%3A%224d8f01931d9186f008acd70ab7165f82fa179704%22%2C%22repoName%22%3A%22Viking-Restaurant-Consultants%2FOdins-Almanac-site%22%2C%22actor%22%3A%22huffstetler312-dotcom%22%2C%22slotName%22%3A%22production%22%2C%22commitMessage%22%3A%22Add%20Prep%20%26%20Plate%20patent-pending%20labeling%20system%20-%20complete%20dual-product%20showcase%22%7D" method="POST" type="request" pid="821,1,43" Host="odinsalmanac-drbxbhewetbghqdu.scm.westcentralus-01.azurewebsites.net" User-Agent="GITHUBACTIONS_DeployWebAppToAzure_c4b12f9f412cb9eab3363b9552d68afb4a9340a4604608b3a9a6c6760314d16a" Authorization="Bea..." Content-Type="application/octet-stream" Cookie="ARRAffinity=f79af48d966e1e24bd367d8501e7295b6b8bed83c9c0c48a75a15dd2b0f4f9f0;Path=/;HttpOnly;Secure;Domain=odinsalmanac-drbxbhewetbghqdu.scm.westcentralus-01.azurewebsites.net; ARRAffinitySameSite=f79af48d966e1e24bd367d8501e7295b6b8bed83c9c0c48a75a15dd2b0f4f9f0;Path=/;HttpOnly;SameSite=None;Secure;Domain=odinsalmanac-drbxbhewetbghqdu.scm.westcentralus-01.azurewebsites.net" Transfer-Encoding="chunked" X-ARR-LOG-ID="2f3e14e6-3997-4cc3-867e-cac57aef41c0" CLIENT-IP="20.55.13.167:51200" X-SITE-DEPLOYMENT-ID="Odinsalmanac" WAS-DEFAULT-HOSTNAME="odinsalmanac-drbxbhewetbghqdu.scm.westcentralus-01.azurewebsites.net" X-Forwarded-Proto="https" X-AppService-Proto="https" X-Forwarded-TlsVersion="1.3" X-WAWS-Unencoded-URL="/api/publish?async=true&amp;deployer=GITHUB_ONE_DEPLOY&amp;type=zip&amp;message=%7B%22type%22%3A%22deployment%22%2C%22sha%22%3A%224d8f01931d9186f008acd70ab7165f82fa179704%22%2C%22repoName%22%3A%22Viking-Restaurant-Consultants%2FOdins-Almanac-site%22%2C%22actor%22%3A%22huffstetler312-dotcom%22%2C%22slotName%22%3A%22production%22%2C%22commitMessage%22%3A%22Add%20Prep%20%26%20Plate%20patent-pending%20labeling%20system%20-%20complete%20dual-product%20showcase%22%7D" X-Client-IP="20.55.13.167" X-Client-Port="51200" >
  <step title="OneDeploy" date="2025-10-22T20:11:54.158" >
    <step title="Starting PushDeployAsync" date="2025-10-22T20:11:54.166" /><!-- duration: 3ms -->
    <step title="Removing node_modules symlink" date="2025-10-22T20:11:54.176" >
      <step title="Writing artifact to /tmp/zipdeploy/98e6c983-f0ad-427c-aafd-5ca2a45e368f.zip" date="2025-10-22T20:11:54.215" >
        <step title="Writing multipart request body to /tmp/zipdeploy/98e6c983-f0ad-427c-aafd-5ca2a45e368f.zip" date="2025-10-22T20:11:54.218" /><!-- duration: 2ms -->
      </step><!-- duration: 239ms -->
      <step title="Start deployment in the background" date="2025-10-22T20:11:54.460" >
        <step title="Acquiring Deployment Lock" date="2025-10-22T20:11:54.466" /><!-- duration: 2ms -->
        <step title="Acquired Deployment Lock" date="2025-10-22T20:11:54.498" /><!-- duration: 2ms -->
      </step><!-- duration: 81ms -->
    </step><!-- duration: 366ms -->
    <step title="Outgoing response" date="2025-10-22T20:11:54.545" type="response" statusCode="202" statusText="Accepted" /><!-- duration: 2ms -->
  </step><!-- duration: 392ms -->
