<step title="Incoming Request" date="2025-10-17T13:46:11.662" instance="f79af4" url="/api/publish?async=true&amp;deployer=GITHUB_ONE_DEPLOY&amp;type=zip&amp;message=%7B%22type%22%3A%22deployment%22%2C%22sha%22%3A%2217a68726e325e927fb38308cf3873258883cf01d%22%2C%22repoName%22%3A%22Viking-Restaurant-Consultants%2FOdins-Almanac-site%22%2C%22actor%22%3A%22huffstetler312-dotcom%22%2C%22slotName%22%3A%22Production%22%2C%22commitMessage%22%3A%22Add%20Azure%20Web%20App%20deployment%20workflow%22%7D" method="POST" type="request" pid="821,1,5" Host="odinsalmanac-drbxbhewetbghqdu.scm.westcentralus-01.azurewebsites.net" User-Agent="GITHUBACTIONS_DeployWebAppToAzure_c4b12f9f412cb9eab3363b9552d68afb4a9340a4604608b3a9a6c6760314d16a" Authorization="Bea..." Content-Type="application/octet-stream" Cookie="ARRAffinity=f79af48d966e1e24bd367d8501e7295b6b8bed83c9c0c48a75a15dd2b0f4f9f0;Path=/;HttpOnly;Secure;Domain=odinsalmanac-drbxbhewetbghqdu.scm.westcentralus-01.azurewebsites.net; ARRAffinitySameSite=f79af48d966e1e24bd367d8501e7295b6b8bed83c9c0c48a75a15dd2b0f4f9f0;Path=/;HttpOnly;SameSite=None;Secure;Domain=odinsalmanac-drbxbhewetbghqdu.scm.westcentralus-01.azurewebsites.net" Transfer-Encoding="chunked" X-ARR-LOG-ID="958e1054-04f2-4180-829d-aac134cb5a64" CLIENT-IP="104.209.7.209:40968" X-SITE-DEPLOYMENT-ID="Odinsalmanac" WAS-DEFAULT-HOSTNAME="odinsalmanac-drbxbhewetbghqdu.scm.westcentralus-01.azurewebsites.net" X-Forwarded-Proto="https" X-AppService-Proto="https" X-Forwarded-TlsVersion="1.3" X-WAWS-Unencoded-URL="/api/publish?async=true&amp;deployer=GITHUB_ONE_DEPLOY&amp;type=zip&amp;message=%7B%22type%22%3A%22deployment%22%2C%22sha%22%3A%2217a68726e325e927fb38308cf3873258883cf01d%22%2C%22repoName%22%3A%22Viking-Restaurant-Consultants%2FOdins-Almanac-site%22%2C%22actor%22%3A%22huffstetler312-dotcom%22%2C%22slotName%22%3A%22Production%22%2C%22commitMessage%22%3A%22Add%20Azure%20Web%20App%20deployment%20workflow%22%7D" X-Client-IP="104.209.7.209" X-Client-Port="40968" >
  <step title="OneDeploy" date="2025-10-17T13:46:11.690" >
    <step title="None repository commit" date="2025-10-17T13:46:11.699" >
      <step title="Commit id: 95961533-8430-47cb-937b-e5fa8fbcbd0d" date="2025-10-17T13:46:11.700" Message="N/A" AuthorName="N/A" AuthorEmail="N/A" /><!-- duration: 2ms -->
    </step><!-- duration: 5ms -->
    <step title="Starting PushDeployAsync" date="2025-10-17T13:46:11.705" /><!-- duration: 2ms -->
    <step title="Removing node_modules symlink" date="2025-10-17T13:46:11.717" >
      <step title="Removing _del_node_modules symlink" date="2025-10-17T13:46:11.748" >
        <step title="Writing artifact to /tmp/zipdeploy/1e6ca5a4-04d6-4996-9f22-a738c5f1e01a.zip" date="2025-10-17T13:46:11.769" >
          <step title="Writing multipart request body to /tmp/zipdeploy/1e6ca5a4-04d6-4996-9f22-a738c5f1e01a.zip" date="2025-10-17T13:46:11.772" /><!-- duration: 3ms -->
        </step><!-- duration: 36ms -->
        <step title="Start deployment in the background" date="2025-10-17T13:46:11.811" >
          <step title="Acquiring Deployment Lock" date="2025-10-17T13:46:11.820" /><!-- duration: 2ms -->
          <step title="Acquired Deployment Lock" date="2025-10-17T13:46:11.851" /><!-- duration: 2ms -->
        </step><!-- duration: 85ms -->
      </step><!-- duration: 152ms -->
      <step title="Outgoing response" date="2025-10-17T13:46:11.905" type="response" statusCode="202" statusText="Accepted" /><!-- duration: 2ms -->
    </step><!-- duration: 191ms -->
