<step title="BackgroundTrace" date="2025-10-22T04:17:00.346" instance="f79af4" url="/api/publish" method="POST" >
  <step title="Creating temporary deployment - FetchDeploymentManager" date="2025-10-22T04:17:00.411" /><!-- duration: 2ms -->
  <step title="Creating temporary deployment" date="2025-10-22T04:17:00.414" /><!-- duration: 44ms -->
  <step title="Performing fetch based deployment" date="2025-10-22T04:17:00.477" >
    <step title="Cleaning up temp folders from previous zip deployments and extracting pushed zip file /tmp/zipdeploy/20d8c117-0685-4452-a18e-207197b3575c.zip (2.37 MB) to /tmp/zipdeploy/extracted" date="2025-10-22T04:17:01.569" >
      <step title="ChmodRecursive Process exited with total time taken in ms: 27" date="2025-10-22T04:17:01.935" /><!-- duration: 3ms -->
    </step><!-- duration: 372ms -->
    <step title="Deployment timer started" date="2025-10-22T04:17:03.946" >
      <step title="DeploymentManager.Deploy(id:6dd03f84-d7b7-4fdd-862f-8640e1752f8f)" date="2025-10-22T04:17:03.949" >
        <step title="Collecting changeset information" date="2025-10-22T04:17:03.956" /><!-- duration: 71ms -->
        <step title="Updating submodules" date="2025-10-22T04:17:04.029" /><!-- duration: 1135ms -->
        <step title="Determining deployment builder" date="2025-10-22T04:17:05.326" >
          <step title="Builder is OneDeployBuilder" date="2025-10-22T04:17:05.331" /><!-- duration: 2ms -->
        </step><!-- duration: 8ms -->
        <step title="PreDeployment: context.CleanOutputPath False" date="2025-10-22T04:17:05.380" >
          <step title="PreDeployment: context.OutputPath /home/site/wwwroot" date="2025-10-22T04:17:05.465" >
            <step title="Building" date="2025-10-22T04:17:05.593" >
              <step title="Executing external process" date="2025-10-22T04:17:06.142" type="process" path="starter.sh" arguments="/opt/Kudu/Scripts/absoluteTar.sh /tmp/zipdeploy/extracted/node_modules /tmp/zipdeploy/extracted/node_modules.tar.gz" /><!-- duration: 362ms -->
              <step title="Executing external process" date="2025-10-22T04:17:06.987" type="process" path="starter.sh" arguments="/opt/Kudu/Scripts/parallel_rsync.sh /tmp/zipdeploy/extracted /home/site/wwwroot 8 /tmp/ False False node_modules " /><!-- duration: 832ms -->
              <step title="Modified file to trigger a restart of the app container." date="2025-10-22T04:17:08.487" /><!-- duration: 2ms -->
              <step title="Skip function trigger and logicapp sync because function is not enabled." date="2025-10-22T04:17:08.491" /><!-- duration: 2ms -->
            </step><!-- duration: 3648ms -->
          </step><!-- duration: 3780ms -->
          <step title="Cleaning up temp files" date="2025-10-22T04:17:09.246" /><!-- duration: 2ms -->
          <step title="Cleaning up temp files" date="2025-10-22T04:17:09.254" /><!-- duration: 505ms -->
          <step title="Reloading status file with latest updates" date="2025-10-22T04:17:09.785" >
            <step title="WebHooksManager.PublishEventAsync: PostDeployment" date="2025-10-22T04:17:09.790" /><!-- duration: 33ms -->
          </step><!-- duration: 40ms -->
          <step title="Cleaning up temporary deployment - fetch deployment was successful" date="2025-10-22T04:17:09.829" /><!-- duration: 2ms -->
        </step><!-- duration: 4503ms -->
      </step><!-- duration: 5944ms -->
