<step title="BackgroundTrace" date="2025-10-22T17:39:21.900" instance="f79af4" url="/api/publish" method="POST" >
  <step title="Creating temporary deployment - FetchDeploymentManager" date="2025-10-22T17:39:21.939" /><!-- duration: 2ms -->
  <step title="Creating temporary deployment" date="2025-10-22T17:39:21.942" /><!-- duration: 40ms -->
  <step title="Performing fetch based deployment" date="2025-10-22T17:39:21.999" >
    <step title="Cleaning up temp folders from previous zip deployments and extracting pushed zip file /tmp/zipdeploy/fdadcdf4-4094-459b-ad01-e01eb63d8eb7.zip (2.38 MB) to /tmp/zipdeploy/extracted" date="2025-10-22T17:39:23.121" >
      <step title="ChmodRecursive Process exited with total time taken in ms: 35" date="2025-10-22T17:39:23.550" /><!-- duration: 2ms -->
    </step><!-- duration: 433ms -->
    <step title="Deployment timer started" date="2025-10-22T17:39:25.566" >
      <step title="DeploymentManager.Deploy(id:be4afe42-fccc-454a-9bd8-961b6911d230)" date="2025-10-22T17:39:25.570" >
        <step title="Collecting changeset information" date="2025-10-22T17:39:25.583" /><!-- duration: 64ms -->
        <step title="Updating submodules" date="2025-10-22T17:39:25.651" /><!-- duration: 1110ms -->
        <step title="Determining deployment builder" date="2025-10-22T17:39:26.947" >
          <step title="Builder is OneDeployBuilder" date="2025-10-22T17:39:26.958" /><!-- duration: 2ms -->
        </step><!-- duration: 15ms -->
        <step title="PreDeployment: context.CleanOutputPath False" date="2025-10-22T17:39:27.007" >
          <step title="PreDeployment: context.OutputPath /home/site/wwwroot" date="2025-10-22T17:39:27.101" >
            <step title="Building" date="2025-10-22T17:39:27.210" >
              <step title="Executing external process" date="2025-10-22T17:39:27.822" type="process" path="starter.sh" arguments="/opt/Kudu/Scripts/absoluteTar.sh /tmp/zipdeploy/extracted/node_modules /tmp/zipdeploy/extracted/node_modules.tar.gz" /><!-- duration: 300ms -->
              <step title="Executing external process" date="2025-10-22T17:39:28.866" type="process" path="starter.sh" arguments="/opt/Kudu/Scripts/parallel_rsync.sh /tmp/zipdeploy/extracted /home/site/wwwroot 8 /tmp/ False False node_modules " /><!-- duration: 991ms -->
              <step title="Modified file to trigger a restart of the app container." date="2025-10-22T17:39:30.486" /><!-- duration: 16ms -->
              <step title="Skip function trigger and logicapp sync because function is not enabled." date="2025-10-22T17:39:30.509" /><!-- duration: 2ms -->
              <step title="Purge deployment items" date="2025-10-22T17:39:31.311" >
                <step title="Remove bed68d95-, Success, received at 10/17/2025 18:07:29" date="2025-10-22T17:39:31.366" /><!-- duration: 2ms -->
              </step><!-- duration: 59ms -->
            </step><!-- duration: 4217ms -->
          </step><!-- duration: 4329ms -->
          <step title="Cleaning up temp files" date="2025-10-22T17:39:31.433" /><!-- duration: 5ms -->
          <step title="Cleaning up temp files" date="2025-10-22T17:39:31.449" /><!-- duration: 503ms -->
          <step title="Reloading status file with latest updates" date="2025-10-22T17:39:31.969" >
            <step title="WebHooksManager.PublishEventAsync: PostDeployment" date="2025-10-22T17:39:31.974" /><!-- duration: 22ms -->
          </step><!-- duration: 30ms -->
          <step title="Cleaning up temporary deployment - fetch deployment was successful" date="2025-10-22T17:39:32.004" /><!-- duration: 3ms -->
        </step><!-- duration: 5059ms -->
      </step><!-- duration: 6514ms -->
