<step title="Incoming Request" date="2025-10-22T20:07:52.343" instance="f79af4" url="/api/publish?async=true&amp;deployer=GITHUB_ONE_DEPLOY&amp;type=zip&amp;message=%7B%22type%22%3A%22deployment%22%2C%22sha%22%3A%2236254625f10c53d6f7d4016a94b8fcbf8c901552%22%2C%22repoName%22%3A%22Viking-Restaurant-Consultants%2FOdins-Almanac-site%22%2C%22actor%22%3A%22huffstetler312-dotcom%22%2C%22slotName%22%3A%22production%22%2C%22commitMessage%22%3A%22Complete%20professional%20website%20redesign%3A%20AI-powered%20food%20safety%20platform%20with%20Allwise%20Navigator%22%7D" method="POST" type="request" pid="821,1,72" Host="odinsalmanac-drbxbhewetbghqdu.scm.westcentralus-01.azurewebsites.net" User-Agent="GITHUBACTIONS_DeployWebAppToAzure_c4b12f9f412cb9eab3363b9552d68afb4a9340a4604608b3a9a6c6760314d16a" Authorization="Bea..." Content-Type="application/octet-stream" Cookie="ARRAffinity=f79af48d966e1e24bd367d8501e7295b6b8bed83c9c0c48a75a15dd2b0f4f9f0;Path=/;HttpOnly;Secure;Domain=odinsalmanac-drbxbhewetbghqdu.scm.westcentralus-01.azurewebsites.net; ARRAffinitySameSite=f79af48d966e1e24bd367d8501e7295b6b8bed83c9c0c48a75a15dd2b0f4f9f0;Path=/;HttpOnly;SameSite=None;Secure;Domain=odinsalmanac-drbxbhewetbghqdu.scm.westcentralus-01.azurewebsites.net" Transfer-Encoding="chunked" X-ARR-LOG-ID="5a6ea762-8a9f-43e7-9fbf-bc7eb341aa7b" CLIENT-IP="145.132.103.67:36864" X-SITE-DEPLOYMENT-ID="Odinsalmanac" WAS-DEFAULT-HOSTNAME="odinsalmanac-drbxbhewetbghqdu.scm.westcentralus-01.azurewebsites.net" X-Forwarded-Proto="https" X-AppService-Proto="https" X-Forwarded-TlsVersion="1.3" X-WAWS-Unencoded-URL="/api/publish?async=true&amp;deployer=GITHUB_ONE_DEPLOY&amp;type=zip&amp;message=%7B%22type%22%3A%22deployment%22%2C%22sha%22%3A%2236254625f10c53d6f7d4016a94b8fcbf8c901552%22%2C%22repoName%22%3A%22Viking-Restaurant-Consultants%2FOdins-Almanac-site%22%2C%22actor%22%3A%22huffstetler312-dotcom%22%2C%22slotName%22%3A%22production%22%2C%22commitMessage%22%3A%22Complete%20professional%20website%20redesign%3A%20AI-powered%20food%20safety%20platform%20with%20Allwise%20Navigator%22%7D" X-Client-IP="145.132.103.67" X-Client-Port="36864" >
  <step title="OneDeploy" date="2025-10-22T20:07:52.350" >
    <step title="Starting PushDeployAsync" date="2025-10-22T20:07:52.355" /><!-- duration: 2ms -->
    <step title="Removing node_modules symlink" date="2025-10-22T20:07:52.364" >
      <step title="Writing artifact to /tmp/zipdeploy/acaef1be-1023-4ada-b4b0-d60bc8357d05.zip" date="2025-10-22T20:07:52.381" >
        <step title="Writing multipart request body to /tmp/zipdeploy/acaef1be-1023-4ada-b4b0-d60bc8357d05.zip" date="2025-10-22T20:07:52.384" /><!-- duration: 3ms -->
      </step><!-- duration: 238ms -->
      <step title="Start deployment in the background" date="2025-10-22T20:07:52.626" >
        <step title="Acquiring Deployment Lock" date="2025-10-22T20:07:52.633" /><!-- duration: 2ms -->
        <step title="Acquired Deployment Lock" date="2025-10-22T20:07:52.659" /><!-- duration: 3ms -->
      </step><!-- duration: 89ms -->
    </step><!-- duration: 353ms -->
    <step title="Outgoing response" date="2025-10-22T20:07:52.719" type="response" statusCode="202" statusText="Accepted" /><!-- duration: 2ms -->
  </step><!-- duration: 373ms -->
