<step title="BackgroundTrace" date="2025-10-17T18:07:25.600" instance="f79af4" url="/api/publish" method="POST" >
  <step title="Creating temporary deployment - FetchDeploymentManager" date="2025-10-17T18:07:25.675" /><!-- duration: 2ms -->
  <step title="Creating temporary deployment" date="2025-10-17T18:07:25.678" /><!-- duration: 51ms -->
  <step title="Performing fetch based deployment" date="2025-10-17T18:07:25.743" >
    <step title="Cleaning up temp folders from previous zip deployments and extracting pushed zip file /tmp/zipdeploy/ffc3c746-2a25-4f2d-af77-ac713af49eca.zip (2.37 MB) to /tmp/zipdeploy/extracted" date="2025-10-17T18:07:26.833" >
      <step title="ChmodRecursive Process exited with total time taken in ms: 69" date="2025-10-17T18:07:27.471" /><!-- duration: 3ms -->
    </step><!-- duration: 643ms -->
    <step title="Deployment timer started" date="2025-10-17T18:07:29.488" >
      <step title="DeploymentManager.Deploy(id:bed68d95-0cdd-4228-abc4-709d6e67ac5e)" date="2025-10-17T18:07:29.495" >
        <step title="Collecting changeset information" date="2025-10-17T18:07:29.514" /><!-- duration: 61ms -->
        <step title="Updating submodules" date="2025-10-17T18:07:29.582" /><!-- duration: 1076ms -->
        <step title="Determining deployment builder" date="2025-10-17T18:07:30.824" >
          <step title="Builder is OneDeployBuilder" date="2025-10-17T18:07:30.829" /><!-- duration: 2ms -->
        </step><!-- duration: 9ms -->
        <step title="PreDeployment: context.CleanOutputPath False" date="2025-10-17T18:07:30.859" >
          <step title="PreDeployment: context.OutputPath /home/site/wwwroot" date="2025-10-17T18:07:30.938" >
            <step title="Building" date="2025-10-17T18:07:31.020" >
              <step title="Executing external process" date="2025-10-17T18:07:31.496" type="process" path="starter.sh" arguments="/opt/Kudu/Scripts/absoluteTar.sh /tmp/zipdeploy/extracted/node_modules /tmp/zipdeploy/extracted/node_modules.tar.gz" /><!-- duration: 297ms -->
              <step title="Executing external process" date="2025-10-17T18:07:31.972" type="process" path="starter.sh" arguments="/opt/Kudu/Scripts/parallel_rsync.sh /tmp/zipdeploy/extracted /home/site/wwwroot 8 /tmp/ False False node_modules " /><!-- duration: 798ms -->
              <step title="Modified file to trigger a restart of the app container." date="2025-10-17T18:07:33.320" /><!-- duration: 3ms -->
              <step title="Skip function trigger and logicapp sync because function is not enabled." date="2025-10-17T18:07:33.324" /><!-- duration: 2ms -->
            </step><!-- duration: 2930ms -->
          </step><!-- duration: 3016ms -->
          <step title="Cleaning up temp files" date="2025-10-17T18:07:33.955" /><!-- duration: 2ms -->
          <step title="Cleaning up temp files" date="2025-10-17T18:07:33.966" /><!-- duration: 504ms -->
          <step title="Reloading status file with latest updates" date="2025-10-17T18:07:34.507" >
            <step title="WebHooksManager.PublishEventAsync: PostDeployment" date="2025-10-17T18:07:34.510" /><!-- duration: 32ms -->
          </step><!-- duration: 45ms -->
          <step title="Cleaning up temporary deployment - fetch deployment was successful" date="2025-10-17T18:07:34.578" /><!-- duration: 16ms -->
        </step><!-- duration: 3807ms -->
      </step><!-- duration: 5193ms -->
