<step title="BackgroundTrace" date="2025-10-17T02:09:51.367" instance="7a7f00" url="/api/publish" method="POST" >
  <step title="Creating temporary deployment - FetchDeploymentManager" date="2025-10-17T02:09:51.414" /><!-- duration: 2ms -->
  <step title="Creating temporary deployment" date="2025-10-17T02:09:51.418" /><!-- duration: 48ms -->
  <step title="Performing fetch based deployment" date="2025-10-17T02:09:51.488" >
    <step title="Cleaning up temp folders from previous zip deployments and extracting pushed zip file /tmp/zipdeploy/ac1d0fff-6d3c-42d7-8f61-142b3e97ae25.zip (2.38 MB) to /tmp/zipdeploy/extracted" date="2025-10-17T02:09:52.637" >
      <step title="ChmodRecursive Process exited with total time taken in ms: 29" date="2025-10-17T02:09:53.009" /><!-- duration: 5ms -->
    </step><!-- duration: 378ms -->
    <step title="Deployment timer started" date="2025-10-17T02:09:55.026" >
      <step title="DeploymentManager.Deploy(id:04cb72bd-1876-4acb-8602-c28ddda8b1be)" date="2025-10-17T02:09:55.030" >
        <step title="Collecting changeset information" date="2025-10-17T02:09:55.036" /><!-- duration: 79ms -->
        <step title="Updating submodules" date="2025-10-17T02:09:55.119" /><!-- duration: 1078ms -->
        <step title="Determining deployment builder" date="2025-10-17T02:09:56.350" >
          <step title="Builder is OneDeployBuilder" date="2025-10-17T02:09:56.355" /><!-- duration: 14ms -->
        </step><!-- duration: 22ms -->
        <step title="PreDeployment: context.CleanOutputPath False" date="2025-10-17T02:09:56.395" >
          <step title="PreDeployment: context.OutputPath /home/site/wwwroot" date="2025-10-17T02:09:56.471" >
            <step title="Building" date="2025-10-17T02:09:56.576" >
              <step title="Executing external process" date="2025-10-17T02:09:57.087" type="process" path="starter.sh" arguments="/opt/Kudu/Scripts/absoluteTar.sh /tmp/zipdeploy/extracted/node_modules /tmp/zipdeploy/extracted/node_modules.tar.gz" /><!-- duration: 362ms -->
              <step title="Executing external process" date="2025-10-17T02:09:57.636" type="process" path="starter.sh" arguments="/opt/Kudu/Scripts/parallel_rsync.sh /tmp/zipdeploy/extracted /home/site/wwwroot 8 /tmp/ False False node_modules " /><!-- duration: 1094ms -->
              <step title="Modified file to trigger a restart of the app container." date="2025-10-17T02:09:59.401" /><!-- duration: 2ms -->
              <step title="Skip function trigger and logicapp sync because function is not enabled." date="2025-10-17T02:09:59.406" /><!-- duration: 2ms -->
            </step><!-- duration: 3370ms -->
          </step><!-- duration: 3478ms -->
          <step title="Cleaning up temp files" date="2025-10-17T02:09:59.951" /><!-- duration: 3ms -->
          <step title="Cleaning up temp files" date="2025-10-17T02:09:59.957" /><!-- duration: 503ms -->
          <step title="Reloading status file with latest updates" date="2025-10-17T02:10:00.473" >
            <step title="WebHooksManager.PublishEventAsync: PostDeployment" date="2025-10-17T02:10:00.476" /><!-- duration: 56ms -->
          </step><!-- duration: 61ms -->
          <step title="Cleaning up temporary deployment - fetch deployment was successful" date="2025-10-17T02:10:00.542" /><!-- duration: 2ms -->
        </step><!-- duration: 4193ms -->
      </step><!-- duration: 5566ms -->
