<step title="Incoming Request" date="2025-10-22T16:04:32.647" instance="f79af4" url="/api/publish?async=true&amp;deployer=GITHUB_ONE_DEPLOY&amp;type=zip&amp;message=%7B%22type%22%3A%22deployment%22%2C%22sha%22%3A%22af336d1b83e91a3a2318105d453cb9331dcc56d4%22%2C%22repoName%22%3A%22Viking-Restaurant-Consultants%2FOdins-Almanac-site%22%2C%22actor%22%3A%22huffstetler312-dotcom%22%2C%22slotName%22%3A%22production%22%2C%22commitMessage%22%3A%22Transform%20website%20into%20professional%20Viking%20Restaurant%20Consulting%20site%20with%20improved%20UX%22%7D" method="POST" type="request" pid="821,1,82" Host="odinsalmanac-drbxbhewetbghqdu.scm.westcentralus-01.azurewebsites.net" User-Agent="GITHUBACTIONS_DeployWebAppToAzure_c4b12f9f412cb9eab3363b9552d68afb4a9340a4604608b3a9a6c6760314d16a" Authorization="Bea..." Content-Type="application/octet-stream" Cookie="ARRAffinity=f79af48d966e1e24bd367d8501e7295b6b8bed83c9c0c48a75a15dd2b0f4f9f0;Path=/;HttpOnly;Secure;Domain=odinsalmanac-drbxbhewetbghqdu.scm.westcentralus-01.azurewebsites.net; ARRAffinitySameSite=f79af48d966e1e24bd367d8501e7295b6b8bed83c9c0c48a75a15dd2b0f4f9f0;Path=/;HttpOnly;SameSite=None;Secure;Domain=odinsalmanac-drbxbhewetbghqdu.scm.westcentralus-01.azurewebsites.net" Transfer-Encoding="chunked" X-ARR-LOG-ID="2e9c4feb-c094-4399-ae6a-8a8b83689c7e" CLIENT-IP="172.208.23.70:60416" X-SITE-DEPLOYMENT-ID="Odinsalmanac" WAS-DEFAULT-HOSTNAME="odinsalmanac-drbxbhewetbghqdu.scm.westcentralus-01.azurewebsites.net" X-Forwarded-Proto="https" X-AppService-Proto="https" X-Forwarded-TlsVersion="1.3" X-WAWS-Unencoded-URL="/api/publish?async=true&amp;deployer=GITHUB_ONE_DEPLOY&amp;type=zip&amp;message=%7B%22type%22%3A%22deployment%22%2C%22sha%22%3A%22af336d1b83e91a3a2318105d453cb9331dcc56d4%22%2C%22repoName%22%3A%22Viking-Restaurant-Consultants%2FOdins-Almanac-site%22%2C%22actor%22%3A%22huffstetler312-dotcom%22%2C%22slotName%22%3A%22production%22%2C%22commitMessage%22%3A%22Transform%20website%20into%20professional%20Viking%20Restaurant%20Consulting%20site%20with%20improved%20UX%22%7D" X-Client-IP="172.208.23.70" X-Client-Port="60416" >
  <step title="OneDeploy" date="2025-10-22T16:04:32.652" >
    <step title="Starting PushDeployAsync" date="2025-10-22T16:04:32.657" /><!-- duration: 2ms -->
    <step title="Removing node_modules symlink" date="2025-10-22T16:04:32.665" >
      <step title="Writing artifact to /tmp/zipdeploy/4fc07ea8-d158-4fb9-abee-2820f972ff06.zip" date="2025-10-22T16:04:32.683" >
        <step title="Writing multipart request body to /tmp/zipdeploy/4fc07ea8-d158-4fb9-abee-2820f972ff06.zip" date="2025-10-22T16:04:32.695" /><!-- duration: 3ms -->
      </step><!-- duration: 324ms -->
      <step title="Start deployment in the background" date="2025-10-22T16:04:33.013" >
        <step title="Acquiring Deployment Lock" date="2025-10-22T16:04:33.019" /><!-- duration: 2ms -->
        <step title="Acquired Deployment Lock" date="2025-10-22T16:04:33.046" /><!-- duration: 2ms -->
      </step><!-- duration: 97ms -->
    </step><!-- duration: 446ms -->
    <step title="Outgoing response" date="2025-10-22T16:04:33.113" type="response" statusCode="202" statusText="Accepted" /><!-- duration: 2ms -->
  </step><!-- duration: 465ms -->
