<step title="Incoming Request" date="2025-10-22T04:09:06.254" instance="f79af4" url="/api/publish?async=true&amp;deployer=GITHUB_ONE_DEPLOY&amp;type=zip&amp;message=%7B%22type%22%3A%22deployment%22%2C%22sha%22%3A%226f2687d592722f4e7ebe02be580f5d0fa9cadb5a%22%2C%22repoName%22%3A%22Viking-Restaurant-Consultants%2FOdins-Almanac-site%22%2C%22actor%22%3A%22huffstetler312-dotcom%22%2C%22slotName%22%3A%22production%22%2C%22commitMessage%22%3A%22Fix%20typo%20in%20workflow%20name%20for%20Azure%20deployment%22%7D" method="POST" type="request" pid="821,1,44" Host="odinsalmanac-drbxbhewetbghqdu.scm.westcentralus-01.azurewebsites.net" User-Agent="GITHUBACTIONS_DeployWebAppToAzure_c4b12f9f412cb9eab3363b9552d68afb4a9340a4604608b3a9a6c6760314d16a" Authorization="Bea..." Content-Type="application/octet-stream" Cookie="ARRAffinity=f79af48d966e1e24bd367d8501e7295b6b8bed83c9c0c48a75a15dd2b0f4f9f0;Path=/;HttpOnly;Secure;Domain=odinsalmanac-drbxbhewetbghqdu.scm.westcentralus-01.azurewebsites.net; ARRAffinitySameSite=f79af48d966e1e24bd367d8501e7295b6b8bed83c9c0c48a75a15dd2b0f4f9f0;Path=/;HttpOnly;SameSite=None;Secure;Domain=odinsalmanac-drbxbhewetbghqdu.scm.westcentralus-01.azurewebsites.net" Transfer-Encoding="chunked" X-ARR-LOG-ID="36baf11f-7e9c-4add-ad19-e6f410593392" CLIENT-IP="52.176.19.198:34816" X-SITE-DEPLOYMENT-ID="Odinsalmanac" WAS-DEFAULT-HOSTNAME="odinsalmanac-drbxbhewetbghqdu.scm.westcentralus-01.azurewebsites.net" X-Forwarded-Proto="https" X-AppService-Proto="https" X-Forwarded-TlsVersion="1.3" X-WAWS-Unencoded-URL="/api/publish?async=true&amp;deployer=GITHUB_ONE_DEPLOY&amp;type=zip&amp;message=%7B%22type%22%3A%22deployment%22%2C%22sha%22%3A%226f2687d592722f4e7ebe02be580f5d0fa9cadb5a%22%2C%22repoName%22%3A%22Viking-Restaurant-Consultants%2FOdins-Almanac-site%22%2C%22actor%22%3A%22huffstetler312-dotcom%22%2C%22slotName%22%3A%22production%22%2C%22commitMessage%22%3A%22Fix%20typo%20in%20workflow%20name%20for%20Azure%20deployment%22%7D" X-Client-IP="52.176.19.198" X-Client-Port="34816" >
  <step title="OneDeploy" date="2025-10-22T04:09:06.281" >
    <step title="None repository commit" date="2025-10-22T04:09:06.290" >
      <step title="Commit id: 882805dd-62dd-4a71-b9de-d2a8754de82e" date="2025-10-22T04:09:06.292" Message="N/A" AuthorName="N/A" AuthorEmail="N/A" /><!-- duration: 2ms -->
    </step><!-- duration: 5ms -->
    <step title="Starting PushDeployAsync" date="2025-10-22T04:09:06.297" /><!-- duration: 1ms -->
    <step title="Removing node_modules symlink" date="2025-10-22T04:09:06.310" >
      <step title="Removing _del_node_modules symlink" date="2025-10-22T04:09:06.354" >
        <step title="Writing artifact to /tmp/zipdeploy/1b732e63-66ad-41ed-8816-27731b19f8a1.zip" date="2025-10-22T04:09:06.369" >
          <step title="Writing multipart request body to /tmp/zipdeploy/1b732e63-66ad-41ed-8816-27731b19f8a1.zip" date="2025-10-22T04:09:06.371" /><!-- duration: 2ms -->
        </step><!-- duration: 37ms -->
        <step title="Start deployment in the background" date="2025-10-22T04:09:06.412" >
          <step title="Acquiring Deployment Lock" date="2025-10-22T04:09:06.420" /><!-- duration: 2ms -->
          <step title="Acquired Deployment Lock" date="2025-10-22T04:09:06.459" /><!-- duration: 2ms -->
        </step><!-- duration: 147ms -->
      </step><!-- duration: 224ms -->
      <step title="Outgoing response" date="2025-10-22T04:09:06.582" type="response" statusCode="202" statusText="Accepted" /><!-- duration: 2ms -->
    </step><!-- duration: 276ms -->
