<step title="Incoming Request" date="2025-10-22T17:39:21.790" instance="f79af4" url="/api/publish?async=true&amp;deployer=GITHUB_ONE_DEPLOY&amp;type=zip&amp;message=%7B%22type%22%3A%22deployment%22%2C%22sha%22%3A%227c335faefb8eba4d6aff222d35ac5de74ecd0fd3%22%2C%22repoName%22%3A%22Viking-Restaurant-Consultants%2FOdins-Almanac-site%22%2C%22actor%22%3A%22huffstetler312-dotcom%22%2C%22slotName%22%3A%22production%22%2C%22commitMessage%22%3A%22Add%20sharp%20metallic%20logo%20and%20ultra-sleek%20professional%20design%20with%20enhanced%20contrast%22%7D" method="POST" type="request" pid="821,1,54" Host="odinsalmanac-drbxbhewetbghqdu.scm.westcentralus-01.azurewebsites.net" User-Agent="GITHUBACTIONS_DeployWebAppToAzure_c4b12f9f412cb9eab3363b9552d68afb4a9340a4604608b3a9a6c6760314d16a" Authorization="Bea..." Content-Type="application/octet-stream" Cookie="ARRAffinity=f79af48d966e1e24bd367d8501e7295b6b8bed83c9c0c48a75a15dd2b0f4f9f0;Path=/;HttpOnly;Secure;Domain=odinsalmanac-drbxbhewetbghqdu.scm.westcentralus-01.azurewebsites.net; ARRAffinitySameSite=f79af48d966e1e24bd367d8501e7295b6b8bed83c9c0c48a75a15dd2b0f4f9f0;Path=/;HttpOnly;SameSite=None;Secure;Domain=odinsalmanac-drbxbhewetbghqdu.scm.westcentralus-01.azurewebsites.net" Transfer-Encoding="chunked" X-ARR-LOG-ID="4a8a13a7-f588-4adf-9bd3-af4e520352c9" CLIENT-IP="172.212.163.226:25616" X-SITE-DEPLOYMENT-ID="Odinsalmanac" WAS-DEFAULT-HOSTNAME="odinsalmanac-drbxbhewetbghqdu.scm.westcentralus-01.azurewebsites.net" X-Forwarded-Proto="https" X-AppService-Proto="https" X-Forwarded-TlsVersion="1.3" X-WAWS-Unencoded-URL="/api/publish?async=true&amp;deployer=GITHUB_ONE_DEPLOY&amp;type=zip&amp;message=%7B%22type%22%3A%22deployment%22%2C%22sha%22%3A%227c335faefb8eba4d6aff222d35ac5de74ecd0fd3%22%2C%22repoName%22%3A%22Viking-Restaurant-Consultants%2FOdins-Almanac-site%22%2C%22actor%22%3A%22huffstetler312-dotcom%22%2C%22slotName%22%3A%22production%22%2C%22commitMessage%22%3A%22Add%20sharp%20metallic%20logo%20and%20ultra-sleek%20professional%20design%20with%20enhanced%20contrast%22%7D" X-Client-IP="172.212.163.226" X-Client-Port="25616" >
  <step title="OneDeploy" date="2025-10-22T17:39:21.795" >
    <step title="Starting PushDeployAsync" date="2025-10-22T17:39:21.799" /><!-- duration: 2ms -->
    <step title="Removing node_modules symlink" date="2025-10-22T17:39:21.807" >
      <step title="Writing artifact to /tmp/zipdeploy/fdadcdf4-4094-459b-ad01-e01eb63d8eb7.zip" date="2025-10-22T17:39:21.823" >
        <step title="Writing multipart request body to /tmp/zipdeploy/fdadcdf4-4094-459b-ad01-e01eb63d8eb7.zip" date="2025-10-22T17:39:21.825" /><!-- duration: 6ms -->
      </step><!-- duration: 67ms -->
      <step title="Start deployment in the background" date="2025-10-22T17:39:21.895" >
        <step title="Acquiring Deployment Lock" date="2025-10-22T17:39:21.911" /><!-- duration: 2ms -->
        <step title="Acquired Deployment Lock" date="2025-10-22T17:39:21.935" /><!-- duration: 2ms -->
      </step><!-- duration: 89ms -->
    </step><!-- duration: 179ms -->
    <step title="Outgoing response" date="2025-10-22T17:39:21.988" type="response" statusCode="202" statusText="Accepted" /><!-- duration: 6ms -->
  </step><!-- duration: 201ms -->
