<step title="Incoming Request" date="2025-10-22T06:16:58.565" instance="f79af4" url="/api/publish?async=true&amp;deployer=GITHUB_ONE_DEPLOY&amp;type=zip&amp;message=%7B%22type%22%3A%22deployment%22%2C%22sha%22%3A%22a113afc8c459634c1cc5f08d28ace61d7501eb58%22%2C%22repoName%22%3A%22Viking-Restaurant-Consultants%2FOdins-Almanac-site%22%2C%22actor%22%3A%22huffstetler312-dotcom%22%2C%22slotName%22%3A%22production%22%2C%22commitMessage%22%3A%22Fix%20release.zip%20creation%20and%20Node%2022%20upgrade%20in%20Azure%20workflow%22%7D" method="POST" type="request" pid="821,1,73" Host="odinsalmanac-drbxbhewetbghqdu.scm.westcentralus-01.azurewebsites.net" User-Agent="GITHUBACTIONS_DeployWebAppToAzure_c4b12f9f412cb9eab3363b9552d68afb4a9340a4604608b3a9a6c6760314d16a" Authorization="Bea..." Content-Type="application/octet-stream" Cookie="ARRAffinity=f79af48d966e1e24bd367d8501e7295b6b8bed83c9c0c48a75a15dd2b0f4f9f0;Path=/;HttpOnly;Secure;Domain=odinsalmanac-drbxbhewetbghqdu.scm.westcentralus-01.azurewebsites.net; ARRAffinitySameSite=f79af48d966e1e24bd367d8501e7295b6b8bed83c9c0c48a75a15dd2b0f4f9f0;Path=/;HttpOnly;SameSite=None;Secure;Domain=odinsalmanac-drbxbhewetbghqdu.scm.westcentralus-01.azurewebsites.net" Transfer-Encoding="chunked" X-ARR-LOG-ID="41eb65be-dec7-4642-ae11-6d55cf6efdb4" CLIENT-IP="172.208.125.195:45080" X-SITE-DEPLOYMENT-ID="Odinsalmanac" WAS-DEFAULT-HOSTNAME="odinsalmanac-drbxbhewetbghqdu.scm.westcentralus-01.azurewebsites.net" X-Forwarded-Proto="https" X-AppService-Proto="https" X-Forwarded-TlsVersion="1.3" X-WAWS-Unencoded-URL="/api/publish?async=true&amp;deployer=GITHUB_ONE_DEPLOY&amp;type=zip&amp;message=%7B%22type%22%3A%22deployment%22%2C%22sha%22%3A%22a113afc8c459634c1cc5f08d28ace61d7501eb58%22%2C%22repoName%22%3A%22Viking-Restaurant-Consultants%2FOdins-Almanac-site%22%2C%22actor%22%3A%22huffstetler312-dotcom%22%2C%22slotName%22%3A%22production%22%2C%22commitMessage%22%3A%22Fix%20release.zip%20creation%20and%20Node%2022%20upgrade%20in%20Azure%20workflow%22%7D" X-Client-IP="172.208.125.195" X-Client-Port="45080" >
  <step title="OneDeploy" date="2025-10-22T06:16:58.585" >
    <step title="Starting PushDeployAsync" date="2025-10-22T06:16:58.592" /><!-- duration: 2ms -->
    <step title="Removing node_modules symlink" date="2025-10-22T06:16:58.603" >
      <step title="Writing artifact to /tmp/zipdeploy/0933d03e-3770-4d15-b982-7d795b822c23.zip" date="2025-10-22T06:16:58.621" >
        <step title="Writing multipart request body to /tmp/zipdeploy/0933d03e-3770-4d15-b982-7d795b822c23.zip" date="2025-10-22T06:16:58.624" /><!-- duration: 3ms -->
      </step><!-- duration: 251ms -->
      <step title="Start deployment in the background" date="2025-10-22T06:16:58.879" >
        <step title="Acquiring Deployment Lock" date="2025-10-22T06:16:58.885" /><!-- duration: 3ms -->
        <step title="Acquired Deployment Lock" date="2025-10-22T06:16:58.912" /><!-- duration: 3ms -->
      </step><!-- duration: 92ms -->
    </step><!-- duration: 369ms -->
    <step title="Outgoing response" date="2025-10-22T06:16:58.974" type="response" statusCode="202" statusText="Accepted" /><!-- duration: 1ms -->
  </step><!-- duration: 391ms -->
