<step title="Incoming Request" date="2025-10-22T20:28:10.479" instance="f79af4" url="/api/publish?async=true&amp;deployer=GITHUB_ONE_DEPLOY&amp;type=zip&amp;message=%7B%22type%22%3A%22deployment%22%2C%22sha%22%3A%2286c2753fd9be7893fe5c5ba70d9e18f6086267a5%22%2C%22repoName%22%3A%22Viking-Restaurant-Consultants%2FOdins-Almanac-site%22%2C%22actor%22%3A%22huffstetler312-dotcom%22%2C%22slotName%22%3A%22production%22%2C%22commitMessage%22%3A%22Add%20annual%20pricing%20with%2020%25%20discount%20-%20Monthly%20vs%20Annual%20billing%20toggle%20with%20smart%20feature%20differentiation%20across%20all%20tiers%22%7D" method="POST" type="request" pid="821,1,79" Host="odinsalmanac-drbxbhewetbghqdu.scm.westcentralus-01.azurewebsites.net" User-Agent="GITHUBACTIONS_DeployWebAppToAzure_c4b12f9f412cb9eab3363b9552d68afb4a9340a4604608b3a9a6c6760314d16a" Authorization="Bea..." Content-Type="application/octet-stream" Cookie="ARRAffinity=f79af48d966e1e24bd367d8501e7295b6b8bed83c9c0c48a75a15dd2b0f4f9f0;Path=/;HttpOnly;Secure;Domain=odinsalmanac-drbxbhewetbghqdu.scm.westcentralus-01.azurewebsites.net; ARRAffinitySameSite=f79af48d966e1e24bd367d8501e7295b6b8bed83c9c0c48a75a15dd2b0f4f9f0;Path=/;HttpOnly;SameSite=None;Secure;Domain=odinsalmanac-drbxbhewetbghqdu.scm.westcentralus-01.azurewebsites.net" Transfer-Encoding="chunked" X-ARR-LOG-ID="705854d8-ac4d-474e-9dc7-f19a90190558" CLIENT-IP="135.232.208.147:62480" X-SITE-DEPLOYMENT-ID="Odinsalmanac" WAS-DEFAULT-HOSTNAME="odinsalmanac-drbxbhewetbghqdu.scm.westcentralus-01.azurewebsites.net" X-Forwarded-Proto="https" X-AppService-Proto="https" X-Forwarded-TlsVersion="1.3" X-WAWS-Unencoded-URL="/api/publish?async=true&amp;deployer=GITHUB_ONE_DEPLOY&amp;type=zip&amp;message=%7B%22type%22%3A%22deployment%22%2C%22sha%22%3A%2286c2753fd9be7893fe5c5ba70d9e18f6086267a5%22%2C%22repoName%22%3A%22Viking-Restaurant-Consultants%2FOdins-Almanac-site%22%2C%22actor%22%3A%22huffstetler312-dotcom%22%2C%22slotName%22%3A%22production%22%2C%22commitMessage%22%3A%22Add%20annual%20pricing%20with%2020%25%20discount%20-%20Monthly%20vs%20Annual%20billing%20toggle%20with%20smart%20feature%20differentiation%20across%20all%20tiers%22%7D" X-Client-IP="135.232.208.147" X-Client-Port="62480" >
  <step title="OneDeploy" date="2025-10-22T20:28:10.483" >
    <step title="Starting PushDeployAsync" date="2025-10-22T20:28:10.486" /><!-- duration: 1ms -->
    <step title="Removing node_modules symlink" date="2025-10-22T20:28:10.493" >
      <step title="Writing artifact to /tmp/zipdeploy/f077c46b-7436-41b3-855b-48b1338ddfda.zip" date="2025-10-22T20:28:10.507" >
        <step title="Writing multipart request body to /tmp/zipdeploy/f077c46b-7436-41b3-855b-48b1338ddfda.zip" date="2025-10-22T20:28:10.509" /><!-- duration: 2ms -->
      </step><!-- duration: 130ms -->
      <step title="Start deployment in the background" date="2025-10-22T20:28:10.652" >
        <step title="Acquiring Deployment Lock" date="2025-10-22T20:28:10.660" /><!-- duration: 2ms -->
        <step title="Acquired Deployment Lock" date="2025-10-22T20:28:10.700" /><!-- duration: 2ms -->
      </step><!-- duration: 86ms -->
    </step><!-- duration: 246ms -->
    <step title="Outgoing response" date="2025-10-22T20:28:10.742" type="response" statusCode="202" statusText="Accepted" /><!-- duration: 2ms -->
  </step><!-- duration: 263ms -->
