<step title="Incoming Request" date="2025-10-22T04:17:00.238" instance="f79af4" url="/api/publish?async=true&amp;deployer=GITHUB_ONE_DEPLOY&amp;type=zip&amp;message=%7B%22type%22%3A%22deployment%22%2C%22sha%22%3A%22571ba13cd09663a1add5dc100f1cbf226e074a02%22%2C%22repoName%22%3A%22Viking-Restaurant-Consultants%2FOdins-Almanac-site%22%2C%22actor%22%3A%22huffstetler312-dotcom%22%2C%22slotName%22%3A%22production%22%2C%22commitMessage%22%3A%22%22%7D" method="POST" type="request" pid="821,1,41" Host="odinsalmanac-drbxbhewetbghqdu.scm.westcentralus-01.azurewebsites.net" User-Agent="GITHUBACTIONS_DeployWebAppToAzure_c4b12f9f412cb9eab3363b9552d68afb4a9340a4604608b3a9a6c6760314d16a" Authorization="Bea..." Content-Type="application/octet-stream" Cookie="ARRAffinity=f79af48d966e1e24bd367d8501e7295b6b8bed83c9c0c48a75a15dd2b0f4f9f0;Path=/;HttpOnly;Secure;Domain=odinsalmanac-drbxbhewetbghqdu.scm.westcentralus-01.azurewebsites.net; ARRAffinitySameSite=f79af48d966e1e24bd367d8501e7295b6b8bed83c9c0c48a75a15dd2b0f4f9f0;Path=/;HttpOnly;SameSite=None;Secure;Domain=odinsalmanac-drbxbhewetbghqdu.scm.westcentralus-01.azurewebsites.net" Transfer-Encoding="chunked" X-ARR-LOG-ID="35975417-d794-40a7-9ab3-3881a929f682" CLIENT-IP="52.242.243.96:37888" X-SITE-DEPLOYMENT-ID="Odinsalmanac" WAS-DEFAULT-HOSTNAME="odinsalmanac-drbxbhewetbghqdu.scm.westcentralus-01.azurewebsites.net" X-Forwarded-Proto="https" X-AppService-Proto="https" X-Forwarded-TlsVersion="1.3" X-WAWS-Unencoded-URL="/api/publish?async=true&amp;deployer=GITHUB_ONE_DEPLOY&amp;type=zip&amp;message=%7B%22type%22%3A%22deployment%22%2C%22sha%22%3A%22571ba13cd09663a1add5dc100f1cbf226e074a02%22%2C%22repoName%22%3A%22Viking-Restaurant-Consultants%2FOdins-Almanac-site%22%2C%22actor%22%3A%22huffstetler312-dotcom%22%2C%22slotName%22%3A%22production%22%2C%22commitMessage%22%3A%22%22%7D" X-Client-IP="52.242.243.96" X-Client-Port="37888" >
  <step title="OneDeploy" date="2025-10-22T04:17:00.245" >
    <step title="Starting PushDeployAsync" date="2025-10-22T04:17:00.252" /><!-- duration: 3ms -->
    <step title="Removing node_modules symlink" date="2025-10-22T04:17:00.265" >
      <step title="Writing artifact to /tmp/zipdeploy/20d8c117-0685-4452-a18e-207197b3575c.zip" date="2025-10-22T04:17:00.284" >
        <step title="Writing multipart request body to /tmp/zipdeploy/20d8c117-0685-4452-a18e-207197b3575c.zip" date="2025-10-22T04:17:00.286" /><!-- duration: 13ms -->
      </step><!-- duration: 52ms -->
      <step title="Start deployment in the background" date="2025-10-22T04:17:00.343" >
        <step title="Acquiring Deployment Lock" date="2025-10-22T04:17:00.351" /><!-- duration: 2ms -->
        <step title="Acquired Deployment Lock" date="2025-10-22T04:17:00.383" /><!-- duration: 13ms -->
      </step><!-- duration: 118ms -->
    </step><!-- duration: 199ms -->
    <step title="Outgoing response" date="2025-10-22T04:17:00.467" type="response" statusCode="202" statusText="Accepted" /><!-- duration: 3ms -->
  </step><!-- duration: 228ms -->
