<step title="BackgroundTrace" date="2025-10-23T05:46:29.105" instance="f79af4" url="/api/publish" method="POST" >
  <step title="Creating temporary deployment - FetchDeploymentManager" date="2025-10-23T05:46:29.147" /><!-- duration: 2ms -->
  <step title="Creating temporary deployment" date="2025-10-23T05:46:29.150" /><!-- duration: 83ms -->
  <step title="Performing fetch based deployment" date="2025-10-23T05:46:29.248" >
    <step title="Cleaning up temp folders from previous zip deployments and extracting pushed zip file /tmp/zipdeploy/c8285adc-dd33-47cd-9057-7411fe406608.zip (2.37 MB) to /tmp/zipdeploy/extracted" date="2025-10-23T05:46:30.347" >
      <step title="ChmodRecursive Process exited with total time taken in ms: 27" date="2025-10-23T05:46:30.708" /><!-- duration: 2ms -->
    </step><!-- duration: 364ms -->
    <step title="Deployment timer started" date="2025-10-23T05:46:32.722" >
      <step title="DeploymentManager.Deploy(id:e231bdfa-a578-4cc1-90b5-42039906fa9c)" date="2025-10-23T05:46:32.726" >
        <step title="Collecting changeset information" date="2025-10-23T05:46:32.734" /><!-- duration: 58ms -->
        <step title="Updating submodules" date="2025-10-23T05:46:32.797" /><!-- duration: 1100ms -->
        <step title="Determining deployment builder" date="2025-10-23T05:46:34.071" >
          <step title="Builder is OneDeployBuilder" date="2025-10-23T05:46:34.080" /><!-- duration: 2ms -->
        </step><!-- duration: 13ms -->
        <step title="PreDeployment: context.CleanOutputPath False" date="2025-10-23T05:46:34.137" >
          <step title="PreDeployment: context.OutputPath /home/site/wwwroot" date="2025-10-23T05:46:34.246" >
            <step title="Building" date="2025-10-23T05:46:34.381" >
              <step title="Executing external process" date="2025-10-23T05:46:34.945" type="process" path="starter.sh" arguments="/opt/Kudu/Scripts/absoluteTar.sh /tmp/zipdeploy/extracted/node_modules /tmp/zipdeploy/extracted/node_modules.tar.gz" /><!-- duration: 317ms -->
              <step title="Executing external process" date="2025-10-23T05:46:35.482" type="process" path="starter.sh" arguments="/opt/Kudu/Scripts/parallel_rsync.sh /tmp/zipdeploy/extracted /home/site/wwwroot 8 /tmp/ False False node_modules " /><!-- duration: 1051ms -->
              <step title="Modified file to trigger a restart of the app container." date="2025-10-23T05:46:37.200" /><!-- duration: 2ms -->
              <step title="Skip function trigger and logicapp sync because function is not enabled." date="2025-10-23T05:46:37.206" /><!-- duration: 5ms -->
              <step title="Purge deployment items" date="2025-10-23T05:46:38.146" >
                <step title="Remove 461e1467-, Success, received at 10/22/2025 06:17:02" date="2025-10-23T05:46:38.230" /><!-- duration: 4ms -->
              </step><!-- duration: 90ms -->
            </step><!-- duration: 3919ms -->
          </step><!-- duration: 4058ms -->
          <step title="Cleaning up temp files" date="2025-10-23T05:46:38.306" /><!-- duration: 2ms -->
          <step title="Cleaning up temp files" date="2025-10-23T05:46:38.314" /><!-- duration: 507ms -->
          <step title="Reloading status file with latest updates" date="2025-10-23T05:46:38.853" >
            <step title="WebHooksManager.PublishEventAsync: PostDeployment" date="2025-10-23T05:46:38.857" /><!-- duration: 24ms -->
          </step><!-- duration: 30ms -->
          <step title="Cleaning up temporary deployment - fetch deployment was successful" date="2025-10-23T05:46:38.886" /><!-- duration: 2ms -->
        </step><!-- duration: 4802ms -->
      </step><!-- duration: 6223ms -->
