<step title="BackgroundTrace" date="2025-10-24T20:30:04.844" instance="f79af4" url="/api/publish" method="POST" >
  <step title="Creating temporary deployment - FetchDeploymentManager" date="2025-10-24T20:30:04.903" /><!-- duration: 2ms -->
  <step title="Creating temporary deployment" date="2025-10-24T20:30:04.906" /><!-- duration: 52ms -->
  <step title="Performing fetch based deployment" date="2025-10-24T20:30:04.987" >
    <step title="Cleaning up temp folders from previous zip deployments and extracting pushed zip file /tmp/zipdeploy/c48a9811-dc01-4530-8433-1ea4ffc77709.zip (2.39 MB) to /tmp/zipdeploy/extracted" date="2025-10-24T20:30:06.157" >
      <step title="ChmodRecursive Process exited with total time taken in ms: 27" date="2025-10-24T20:30:06.681" /><!-- duration: 2ms -->
    </step><!-- duration: 528ms -->
    <step title="Deployment timer started" date="2025-10-24T20:30:08.695" >
      <step title="DeploymentManager.Deploy(id:ff7b872a-0248-4903-8f71-97b675cc413d)" date="2025-10-24T20:30:08.698" >
        <step title="Collecting changeset information" date="2025-10-24T20:30:08.706" /><!-- duration: 70ms -->
        <step title="Updating submodules" date="2025-10-24T20:30:08.779" /><!-- duration: 1121ms -->
        <step title="Determining deployment builder" date="2025-10-24T20:30:10.086" >
          <step title="Builder is OneDeployBuilder" date="2025-10-24T20:30:10.091" /><!-- duration: 2ms -->
        </step><!-- duration: 9ms -->
        <step title="PreDeployment: context.CleanOutputPath False" date="2025-10-24T20:30:10.133" >
          <step title="PreDeployment: context.OutputPath /home/site/wwwroot" date="2025-10-24T20:30:10.261" >
            <step title="Building" date="2025-10-24T20:30:10.385" >
              <step title="Executing external process" date="2025-10-24T20:30:11.170" type="process" path="starter.sh" arguments="/opt/Kudu/Scripts/absoluteTar.sh /tmp/zipdeploy/extracted/node_modules /tmp/zipdeploy/extracted/node_modules.tar.gz" /><!-- duration: 315ms -->
              <step title="Executing external process" date="2025-10-24T20:30:11.773" type="process" path="starter.sh" arguments="/opt/Kudu/Scripts/parallel_rsync.sh /tmp/zipdeploy/extracted /home/site/wwwroot 8 /tmp/ False False node_modules " /><!-- duration: 1086ms -->
              <step title="Modified file to trigger a restart of the app container." date="2025-10-24T20:30:13.528" /><!-- duration: 2ms -->
              <step title="Skip function trigger and logicapp sync because function is not enabled." date="2025-10-24T20:30:13.533" /><!-- duration: 2ms -->
              <step title="Purge deployment items" date="2025-10-24T20:30:14.503" >
                <step title="Remove faec0dfe-, Success, received at 10/22/2025 06:22:27" date="2025-10-24T20:30:14.559" /><!-- duration: 2ms -->
              </step><!-- duration: 60ms -->
            </step><!-- duration: 4252ms -->
          </step><!-- duration: 4378ms -->
          <step title="Cleaning up temp files" date="2025-10-24T20:30:14.642" /><!-- duration: 2ms -->
          <step title="Cleaning up temp files" date="2025-10-24T20:30:14.646" /><!-- duration: 503ms -->
          <step title="Reloading status file with latest updates" date="2025-10-24T20:30:15.188" >
            <step title="WebHooksManager.PublishEventAsync: PostDeployment" date="2025-10-24T20:30:15.190" /><!-- duration: 27ms -->
          </step><!-- duration: 36ms -->
          <step title="Cleaning up temporary deployment - fetch deployment was successful" date="2025-10-24T20:30:15.228" /><!-- duration: 2ms -->
        </step><!-- duration: 5144ms -->
      </step><!-- duration: 6589ms -->
