<step title="Incoming Request" date="2025-10-23T05:46:28.792" instance="f79af4" url="/api/publish?async=true&amp;deployer=GITHUB_ONE_DEPLOY&amp;type=zip&amp;message=%7B%22type%22%3A%22deployment%22%2C%22sha%22%3A%22571ba13cd09663a1add5dc100f1cbf226e074a02%22%2C%22repoName%22%3A%22Viking-Restaurant-Consultants%2FOdins-Almanac-site%22%2C%22actor%22%3A%22huffstetler312-dotcom%22%2C%22slotName%22%3A%22production%22%2C%22commitMessage%22%3A%22Disable%20main_odinsalmanac.yml%20workflow%22%7D" method="POST" type="request" pid="821,1,85" Host="odinsalmanac-drbxbhewetbghqdu.scm.westcentralus-01.azurewebsites.net" User-Agent="GITHUBACTIONS_DeployWebAppToAzure_c4b12f9f412cb9eab3363b9552d68afb4a9340a4604608b3a9a6c6760314d16a" Authorization="Bea..." Content-Type="application/octet-stream" Cookie="ARRAffinity=f79af48d966e1e24bd367d8501e7295b6b8bed83c9c0c48a75a15dd2b0f4f9f0;Path=/;HttpOnly;Secure;Domain=odinsalmanac-drbxbhewetbghqdu.scm.westcentralus-01.azurewebsites.net; ARRAffinitySameSite=f79af48d966e1e24bd367d8501e7295b6b8bed83c9c0c48a75a15dd2b0f4f9f0;Path=/;HttpOnly;SameSite=None;Secure;Domain=odinsalmanac-drbxbhewetbghqdu.scm.westcentralus-01.azurewebsites.net" Transfer-Encoding="chunked" X-ARR-LOG-ID="1d8f8c6f-0ce5-41ce-a7f9-6fb81f7e0d85" CLIENT-IP="20.55.13.162:44048" X-SITE-DEPLOYMENT-ID="Odinsalmanac" WAS-DEFAULT-HOSTNAME="odinsalmanac-drbxbhewetbghqdu.scm.westcentralus-01.azurewebsites.net" X-Forwarded-Proto="https" X-AppService-Proto="https" X-Forwarded-TlsVersion="1.3" X-WAWS-Unencoded-URL="/api/publish?async=true&amp;deployer=GITHUB_ONE_DEPLOY&amp;type=zip&amp;message=%7B%22type%22%3A%22deployment%22%2C%22sha%22%3A%22571ba13cd09663a1add5dc100f1cbf226e074a02%22%2C%22repoName%22%3A%22Viking-Restaurant-Consultants%2FOdins-Almanac-site%22%2C%22actor%22%3A%22huffstetler312-dotcom%22%2C%22slotName%22%3A%22production%22%2C%22commitMessage%22%3A%22Disable%20main_odinsalmanac.yml%20workflow%22%7D" X-Client-IP="20.55.13.162" X-Client-Port="44048" >
  <step title="OneDeploy" date="2025-10-23T05:46:28.796" >
    <step title="Starting PushDeployAsync" date="2025-10-23T05:46:28.800" /><!-- duration: 1ms -->
    <step title="Removing node_modules symlink" date="2025-10-23T05:46:28.806" >
      <step title="Writing artifact to /tmp/zipdeploy/c8285adc-dd33-47cd-9057-7411fe406608.zip" date="2025-10-23T05:46:28.824" >
        <step title="Writing multipart request body to /tmp/zipdeploy/c8285adc-dd33-47cd-9057-7411fe406608.zip" date="2025-10-23T05:46:28.827" /><!-- duration: 3ms -->
      </step><!-- duration: 272ms -->
      <step title="Start deployment in the background" date="2025-10-23T05:46:29.103" >
        <step title="Acquiring Deployment Lock" date="2025-10-23T05:46:29.108" /><!-- duration: 5ms -->
        <step title="Acquired Deployment Lock" date="2025-10-23T05:46:29.144" /><!-- duration: 2ms -->
      </step><!-- duration: 133ms -->
    </step><!-- duration: 431ms -->
    <step title="Outgoing response" date="2025-10-23T05:46:29.239" type="response" statusCode="202" statusText="Accepted" /><!-- duration: 4ms -->
  </step><!-- duration: 448ms -->
