<step title="Incoming Request" date="2025-10-22T04:15:19.017" instance="f79af4" url="/api/publish?async=true&amp;deployer=GITHUB_ONE_DEPLOY&amp;type=zip&amp;message=%7B%22type%22%3A%22deployment%22%2C%22sha%22%3A%22571ba13cd09663a1add5dc100f1cbf226e074a02%22%2C%22repoName%22%3A%22Viking-Restaurant-Consultants%2FOdins-Almanac-site%22%2C%22actor%22%3A%22huffstetler312-dotcom%22%2C%22slotName%22%3A%22production%22%2C%22commitMessage%22%3A%22%22%7D" method="POST" type="request" pid="821,1,37" Host="odinsalmanac-drbxbhewetbghqdu.scm.westcentralus-01.azurewebsites.net" User-Agent="GITHUBACTIONS_DeployWebAppToAzure_c4b12f9f412cb9eab3363b9552d68afb4a9340a4604608b3a9a6c6760314d16a" Authorization="Bea..." Content-Type="application/octet-stream" Cookie="ARRAffinity=f79af48d966e1e24bd367d8501e7295b6b8bed83c9c0c48a75a15dd2b0f4f9f0;Path=/;HttpOnly;Secure;Domain=odinsalmanac-drbxbhewetbghqdu.scm.westcentralus-01.azurewebsites.net; ARRAffinitySameSite=f79af48d966e1e24bd367d8501e7295b6b8bed83c9c0c48a75a15dd2b0f4f9f0;Path=/;HttpOnly;SameSite=None;Secure;Domain=odinsalmanac-drbxbhewetbghqdu.scm.westcentralus-01.azurewebsites.net" Transfer-Encoding="chunked" X-ARR-LOG-ID="2454a248-ce45-4850-86b3-6354af526c38" CLIENT-IP="52.234.42.34:35856" X-SITE-DEPLOYMENT-ID="Odinsalmanac" WAS-DEFAULT-HOSTNAME="odinsalmanac-drbxbhewetbghqdu.scm.westcentralus-01.azurewebsites.net" X-Forwarded-Proto="https" X-AppService-Proto="https" X-Forwarded-TlsVersion="1.3" X-WAWS-Unencoded-URL="/api/publish?async=true&amp;deployer=GITHUB_ONE_DEPLOY&amp;type=zip&amp;message=%7B%22type%22%3A%22deployment%22%2C%22sha%22%3A%22571ba13cd09663a1add5dc100f1cbf226e074a02%22%2C%22repoName%22%3A%22Viking-Restaurant-Consultants%2FOdins-Almanac-site%22%2C%22actor%22%3A%22huffstetler312-dotcom%22%2C%22slotName%22%3A%22production%22%2C%22commitMessage%22%3A%22%22%7D" X-Client-IP="52.234.42.34" X-Client-Port="35856" >
  <step title="OneDeploy" date="2025-10-22T04:15:19.023" >
    <step title="Starting PushDeployAsync" date="2025-10-22T04:15:19.028" /><!-- duration: 2ms -->
    <step title="Removing node_modules symlink" date="2025-10-22T04:15:19.034" >
      <step title="Writing artifact to /tmp/zipdeploy/c56e87cd-69c3-4e9f-b162-ea44fc466fd8.zip" date="2025-10-22T04:15:19.054" >
        <step title="Writing multipart request body to /tmp/zipdeploy/c56e87cd-69c3-4e9f-b162-ea44fc466fd8.zip" date="2025-10-22T04:15:19.056" /><!-- duration: 2ms -->
      </step><!-- duration: 103ms -->
      <step title="Start deployment in the background" date="2025-10-22T04:15:19.162" >
        <step title="Acquiring Deployment Lock" date="2025-10-22T04:15:19.168" /><!-- duration: 2ms -->
        <step title="Acquired Deployment Lock" date="2025-10-22T04:15:19.188" /><!-- duration: 1ms -->
      </step><!-- duration: 78ms -->
    </step><!-- duration: 208ms -->
    <step title="Outgoing response" date="2025-10-22T04:15:19.244" type="response" statusCode="202" statusText="Accepted" /><!-- duration: 2ms -->
  </step><!-- duration: 224ms -->
