<step title="BackgroundTrace" date="2025-10-22T20:07:52.629" instance="f79af4" url="/api/publish" method="POST" >
  <step title="Creating temporary deployment - FetchDeploymentManager" date="2025-10-22T20:07:52.663" /><!-- duration: 2ms -->
  <step title="Creating temporary deployment" date="2025-10-22T20:07:52.668" /><!-- duration: 45ms -->
  <step title="Performing fetch based deployment" date="2025-10-22T20:07:52.731" >
    <step title="Cleaning up temp folders from previous zip deployments and extracting pushed zip file /tmp/zipdeploy/acaef1be-1023-4ada-b4b0-d60bc8357d05.zip (2.38 MB) to /tmp/zipdeploy/extracted" date="2025-10-22T20:07:53.849" >
      <step title="ChmodRecursive Process exited with total time taken in ms: 26" date="2025-10-22T20:07:54.211" /><!-- duration: 2ms -->
    </step><!-- duration: 368ms -->
    <step title="Deployment timer started" date="2025-10-22T20:07:56.223" >
      <step title="DeploymentManager.Deploy(id:f22b989f-b948-413c-8c32-2c7249c9a4a2)" date="2025-10-22T20:07:56.228" >
        <step title="Collecting changeset information" date="2025-10-22T20:07:56.240" /><!-- duration: 79ms -->
        <step title="Updating submodules" date="2025-10-22T20:07:56.323" /><!-- duration: 1120ms -->
        <step title="Determining deployment builder" date="2025-10-22T20:07:57.616" >
          <step title="Builder is OneDeployBuilder" date="2025-10-22T20:07:57.622" /><!-- duration: 2ms -->
        </step><!-- duration: 12ms -->
        <step title="PreDeployment: context.CleanOutputPath False" date="2025-10-22T20:07:57.673" >
          <step title="PreDeployment: context.OutputPath /home/site/wwwroot" date="2025-10-22T20:07:57.768" >
            <step title="Building" date="2025-10-22T20:07:57.898" >
              <step title="Executing external process" date="2025-10-22T20:07:58.459" type="process" path="starter.sh" arguments="/opt/Kudu/Scripts/absoluteTar.sh /tmp/zipdeploy/extracted/node_modules /tmp/zipdeploy/extracted/node_modules.tar.gz" /><!-- duration: 301ms -->
              <step title="Executing external process" date="2025-10-22T20:07:58.959" type="process" path="starter.sh" arguments="/opt/Kudu/Scripts/parallel_rsync.sh /tmp/zipdeploy/extracted /home/site/wwwroot 8 /tmp/ False False node_modules " /><!-- duration: 823ms -->
              <step title="Modified file to trigger a restart of the app container." date="2025-10-22T20:08:00.899" /><!-- duration: 5ms -->
              <step title="Skip function trigger and logicapp sync because function is not enabled." date="2025-10-22T20:08:00.907" /><!-- duration: 3ms -->
              <step title="Purge deployment items" date="2025-10-22T20:08:01.885" >
                <step title="Remove 882805dd-, Success, received at 10/22/2025 04:09:10" date="2025-10-22T20:08:01.943" /><!-- duration: 9ms -->
              </step><!-- duration: 79ms -->
            </step><!-- duration: 4159ms -->
          </step><!-- duration: 4291ms -->
          <step title="Cleaning up temp files" date="2025-10-22T20:08:02.064" /><!-- duration: 6ms -->
          <step title="Cleaning up temp files" date="2025-10-22T20:08:02.080" /><!-- duration: 507ms -->
          <step title="Reloading status file with latest updates" date="2025-10-22T20:08:02.614" >
            <step title="WebHooksManager.PublishEventAsync: PostDeployment" date="2025-10-22T20:08:02.622" /><!-- duration: 22ms -->
          </step><!-- duration: 33ms -->
          <step title="Cleaning up temporary deployment - fetch deployment was successful" date="2025-10-22T20:08:02.651" /><!-- duration: 2ms -->
        </step><!-- duration: 5051ms -->
      </step><!-- duration: 6517ms -->
