<step title="Incoming Request" date="2025-10-17T18:07:25.291" instance="f79af4" url="/api/publish?async=true&amp;deployer=GITHUB_ONE_DEPLOY&amp;type=zip&amp;message=%7B%22type%22%3A%22deployment%22%2C%22sha%22%3A%22aad5a356f3d6225ed1d6bd1e10a85fef876da206%22%2C%22repoName%22%3A%22Viking-Restaurant-Consultants%2FOdins-Almanac-site%22%2C%22actor%22%3A%22huffstetler312-dotcom%22%2C%22slotName%22%3A%22Production%22%2C%22commitMessage%22%3A%22Create%20pom.xml%20file%20for%20Maven%20project%22%7D" method="POST" type="request" pid="821,1,25" Host="odinsalmanac-drbxbhewetbghqdu.scm.westcentralus-01.azurewebsites.net" User-Agent="GITHUBACTIONS_DeployWebAppToAzure_c4b12f9f412cb9eab3363b9552d68afb4a9340a4604608b3a9a6c6760314d16a" Authorization="Bea..." Content-Type="application/octet-stream" Cookie="ARRAffinity=f79af48d966e1e24bd367d8501e7295b6b8bed83c9c0c48a75a15dd2b0f4f9f0;Path=/;HttpOnly;Secure;Domain=odinsalmanac-drbxbhewetbghqdu.scm.westcentralus-01.azurewebsites.net; ARRAffinitySameSite=f79af48d966e1e24bd367d8501e7295b6b8bed83c9c0c48a75a15dd2b0f4f9f0;Path=/;HttpOnly;SameSite=None;Secure;Domain=odinsalmanac-drbxbhewetbghqdu.scm.westcentralus-01.azurewebsites.net" Transfer-Encoding="chunked" X-ARR-LOG-ID="47faa680-3541-4b3d-ac40-d4e7bbc31979" CLIENT-IP="172.178.117.208:46080" X-SITE-DEPLOYMENT-ID="Odinsalmanac" WAS-DEFAULT-HOSTNAME="odinsalmanac-drbxbhewetbghqdu.scm.westcentralus-01.azurewebsites.net" X-Forwarded-Proto="https" X-AppService-Proto="https" X-Forwarded-TlsVersion="1.3" X-WAWS-Unencoded-URL="/api/publish?async=true&amp;deployer=GITHUB_ONE_DEPLOY&amp;type=zip&amp;message=%7B%22type%22%3A%22deployment%22%2C%22sha%22%3A%22aad5a356f3d6225ed1d6bd1e10a85fef876da206%22%2C%22repoName%22%3A%22Viking-Restaurant-Consultants%2FOdins-Almanac-site%22%2C%22actor%22%3A%22huffstetler312-dotcom%22%2C%22slotName%22%3A%22Production%22%2C%22commitMessage%22%3A%22Create%20pom.xml%20file%20for%20Maven%20project%22%7D" X-Client-IP="172.178.117.208" X-Client-Port="46080" >
  <step title="OneDeploy" date="2025-10-17T18:07:25.297" >
    <step title="Starting PushDeployAsync" date="2025-10-17T18:07:25.300" /><!-- duration: 2ms -->
    <step title="Removing node_modules symlink" date="2025-10-17T18:07:25.309" >
      <step title="Writing artifact to /tmp/zipdeploy/ffc3c746-2a25-4f2d-af77-ac713af49eca.zip" date="2025-10-17T18:07:25.334" >
        <step title="Writing multipart request body to /tmp/zipdeploy/ffc3c746-2a25-4f2d-af77-ac713af49eca.zip" date="2025-10-17T18:07:25.338" /><!-- duration: 5ms -->
      </step><!-- duration: 255ms -->
      <step title="Start deployment in the background" date="2025-10-17T18:07:25.598" >
        <step title="Acquiring Deployment Lock" date="2025-10-17T18:07:25.630" /><!-- duration: 8ms -->
        <step title="Acquired Deployment Lock" date="2025-10-17T18:07:25.671" /><!-- duration: 2ms -->
      </step><!-- duration: 134ms -->
    </step><!-- duration: 425ms -->
    <step title="Outgoing response" date="2025-10-17T18:07:25.735" type="response" statusCode="202" statusText="Accepted" /><!-- duration: 3ms -->
  </step><!-- duration: 443ms -->
