<step title="BackgroundTrace" date="2025-10-23T02:05:53.616" instance="f79af4" url="/api/publish" method="POST" >
  <step title="Creating temporary deployment - FetchDeploymentManager" date="2025-10-23T02:05:53.661" /><!-- duration: 2ms -->
  <step title="Creating temporary deployment" date="2025-10-23T02:05:53.666" /><!-- duration: 34ms -->
  <step title="Performing fetch based deployment" date="2025-10-23T02:05:53.717" >
    <step title="Cleaning up temp folders from previous zip deployments and extracting pushed zip file /tmp/zipdeploy/f1494303-e96c-43ba-9542-ea81b562050f.zip (2.39 MB) to /tmp/zipdeploy/extracted" date="2025-10-23T02:05:55.405" >
      <step title="ChmodRecursive Process exited with total time taken in ms: 27" date="2025-10-23T02:05:55.787" /><!-- duration: 2ms -->
    </step><!-- duration: 386ms -->
    <step title="Deployment timer started" date="2025-10-23T02:05:57.797" >
      <step title="DeploymentManager.Deploy(id:6abbe6a2-9f90-4988-bd44-3786f5a1857a)" date="2025-10-23T02:05:57.801" >
        <step title="Collecting changeset information" date="2025-10-23T02:05:57.819" /><!-- duration: 75ms -->
        <step title="Updating submodules" date="2025-10-23T02:05:57.898" /><!-- duration: 1099ms -->
        <step title="Determining deployment builder" date="2025-10-23T02:05:59.212" >
          <step title="Builder is OneDeployBuilder" date="2025-10-23T02:05:59.222" /><!-- duration: 2ms -->
        </step><!-- duration: 13ms -->
        <step title="PreDeployment: context.CleanOutputPath False" date="2025-10-23T02:05:59.276" >
          <step title="PreDeployment: context.OutputPath /home/site/wwwroot" date="2025-10-23T02:05:59.379" >
            <step title="Building" date="2025-10-23T02:05:59.503" >
              <step title="Executing external process" date="2025-10-23T02:06:00.144" type="process" path="starter.sh" arguments="/opt/Kudu/Scripts/absoluteTar.sh /tmp/zipdeploy/extracted/node_modules /tmp/zipdeploy/extracted/node_modules.tar.gz" /><!-- duration: 317ms -->
              <step title="Executing external process" date="2025-10-23T02:06:01.218" type="process" path="starter.sh" arguments="/opt/Kudu/Scripts/parallel_rsync.sh /tmp/zipdeploy/extracted /home/site/wwwroot 8 /tmp/ False False node_modules " /><!-- duration: 1091ms -->
              <step title="Modified file to trigger a restart of the app container." date="2025-10-23T02:06:02.910" /><!-- duration: 2ms -->
              <step title="Skip function trigger and logicapp sync because function is not enabled." date="2025-10-23T02:06:02.915" /><!-- duration: 2ms -->
              <step title="Purge deployment items" date="2025-10-23T02:06:03.761" >
                <step title="Remove f3c24aab-, Success, received at 10/22/2025 04:23:51" date="2025-10-23T02:06:03.793" /><!-- duration: 3ms -->
              </step><!-- duration: 36ms -->
            </step><!-- duration: 4363ms -->
          </step><!-- duration: 4489ms -->
          <step title="Cleaning up temp files" date="2025-10-23T02:06:03.870" /><!-- duration: 2ms -->
          <step title="Cleaning up temp files" date="2025-10-23T02:06:03.874" /><!-- duration: 503ms -->
          <step title="Reloading status file with latest updates" date="2025-10-23T02:06:04.392" >
            <step title="WebHooksManager.PublishEventAsync: PostDeployment" date="2025-10-23T02:06:04.395" /><!-- duration: 18ms -->
          </step><!-- duration: 23ms -->
          <step title="Cleaning up temporary deployment - fetch deployment was successful" date="2025-10-23T02:06:04.418" /><!-- duration: 2ms -->
        </step><!-- duration: 5190ms -->
      </step><!-- duration: 6673ms -->
