<step title="BackgroundTrace" date="2025-10-22T20:13:28.706" instance="f79af4" url="/api/publish" method="POST" >
  <step title="Creating temporary deployment - FetchDeploymentManager" date="2025-10-22T20:13:28.736" /><!-- duration: 2ms -->
  <step title="Creating temporary deployment" date="2025-10-22T20:13:28.739" /><!-- duration: 47ms -->
  <step title="Performing fetch based deployment" date="2025-10-22T20:13:28.800" >
    <step title="Cleaning up temp folders from previous zip deployments and extracting pushed zip file /tmp/zipdeploy/f7c05810-00cd-4635-95ec-26975801bec2.zip (2.38 MB) to /tmp/zipdeploy/extracted" date="2025-10-22T20:13:29.904" >
      <step title="ChmodRecursive Process exited with total time taken in ms: 27" date="2025-10-22T20:13:30.280" /><!-- duration: 2ms -->
    </step><!-- duration: 380ms -->
    <step title="Deployment timer started" date="2025-10-22T20:13:32.290" >
      <step title="DeploymentManager.Deploy(id:2a9f29d3-6301-4a25-ac09-048c7a61f4ad)" date="2025-10-22T20:13:32.294" >
        <step title="Collecting changeset information" date="2025-10-22T20:13:32.327" /><!-- duration: 69ms -->
        <step title="Updating submodules" date="2025-10-22T20:13:32.399" /><!-- duration: 1088ms -->
        <step title="Determining deployment builder" date="2025-10-22T20:13:33.695" >
          <step title="Builder is OneDeployBuilder" date="2025-10-22T20:13:33.707" /><!-- duration: 2ms -->
        </step><!-- duration: 17ms -->
        <step title="PreDeployment: context.CleanOutputPath False" date="2025-10-22T20:13:33.777" >
          <step title="PreDeployment: context.OutputPath /home/site/wwwroot" date="2025-10-22T20:13:33.939" >
            <step title="Building" date="2025-10-22T20:13:34.068" >
              <step title="Executing external process" date="2025-10-22T20:13:34.646" type="process" path="starter.sh" arguments="/opt/Kudu/Scripts/absoluteTar.sh /tmp/zipdeploy/extracted/node_modules /tmp/zipdeploy/extracted/node_modules.tar.gz" /><!-- duration: 297ms -->
              <step title="Executing external process" date="2025-10-22T20:13:35.158" type="process" path="starter.sh" arguments="/opt/Kudu/Scripts/parallel_rsync.sh /tmp/zipdeploy/extracted /home/site/wwwroot 8 /tmp/ False False node_modules " /><!-- duration: 1180ms -->
              <step title="Modified file to trigger a restart of the app container." date="2025-10-22T20:13:37.065" /><!-- duration: 3ms -->
              <step title="Skip function trigger and logicapp sync because function is not enabled." date="2025-10-22T20:13:37.073" /><!-- duration: 3ms -->
              <step title="Purge deployment items" date="2025-10-22T20:13:38.292" >
                <step title="Remove 6dd03f84-, Success, received at 10/22/2025 04:17:03" date="2025-10-22T20:13:38.331" /><!-- duration: 2ms -->
              </step><!-- duration: 43ms -->
            </step><!-- duration: 4320ms -->
          </step><!-- duration: 4452ms -->
          <step title="Cleaning up temp files" date="2025-10-22T20:13:38.394" /><!-- duration: 3ms -->
          <step title="Cleaning up temp files" date="2025-10-22T20:13:38.400" /><!-- duration: 504ms -->
          <step title="Reloading status file with latest updates" date="2025-10-22T20:13:38.923" >
            <step title="WebHooksManager.PublishEventAsync: PostDeployment" date="2025-10-22T20:13:38.926" /><!-- duration: 27ms -->
          </step><!-- duration: 44ms -->
          <step title="Cleaning up temporary deployment - fetch deployment was successful" date="2025-10-22T20:13:38.970" /><!-- duration: 3ms -->
        </step><!-- duration: 5242ms -->
      </step><!-- duration: 6734ms -->
