<step title="BackgroundTrace" date="2025-10-22T04:23:47.488" instance="f79af4" url="/api/publish" method="POST" >
  <step title="Creating temporary deployment - FetchDeploymentManager" date="2025-10-22T04:23:47.532" /><!-- duration: 2ms -->
  <step title="Creating temporary deployment" date="2025-10-22T04:23:47.536" /><!-- duration: 56ms -->
  <step title="Performing fetch based deployment" date="2025-10-22T04:23:47.610" >
    <step title="Cleaning up temp folders from previous zip deployments and extracting pushed zip file /tmp/zipdeploy/0e4db95e-6c9a-4862-bb19-0f31ab75a6ff.zip (2.37 MB) to /tmp/zipdeploy/extracted" date="2025-10-22T04:23:48.729" >
      <step title="ChmodRecursive Process exited with total time taken in ms: 28" date="2025-10-22T04:23:49.081" /><!-- duration: 4ms -->
    </step><!-- duration: 360ms -->
    <step title="Deployment timer started" date="2025-10-22T04:23:51.093" >
      <step title="DeploymentManager.Deploy(id:f3c24aab-fdd8-4d4d-98e9-0eed03a42f84)" date="2025-10-22T04:23:51.099" >
        <step title="Collecting changeset information" date="2025-10-22T04:23:51.109" /><!-- duration: 114ms -->
        <step title="Updating submodules" date="2025-10-22T04:23:51.227" /><!-- duration: 1115ms -->
        <step title="Determining deployment builder" date="2025-10-22T04:23:52.525" >
          <step title="Builder is OneDeployBuilder" date="2025-10-22T04:23:52.531" /><!-- duration: 2ms -->
        </step><!-- duration: 9ms -->
        <step title="PreDeployment: context.CleanOutputPath False" date="2025-10-22T04:23:52.573" >
          <step title="PreDeployment: context.OutputPath /home/site/wwwroot" date="2025-10-22T04:23:52.669" >
            <step title="Building" date="2025-10-22T04:23:52.770" >
              <step title="Executing external process" date="2025-10-22T04:23:53.378" type="process" path="starter.sh" arguments="/opt/Kudu/Scripts/absoluteTar.sh /tmp/zipdeploy/extracted/node_modules /tmp/zipdeploy/extracted/node_modules.tar.gz" /><!-- duration: 305ms -->
              <step title="Executing external process" date="2025-10-22T04:23:53.874" type="process" path="starter.sh" arguments="/opt/Kudu/Scripts/parallel_rsync.sh /tmp/zipdeploy/extracted /home/site/wwwroot 8 /tmp/ False False node_modules " /><!-- duration: 1076ms -->
              <step title="Modified file to trigger a restart of the app container." date="2025-10-22T04:23:55.675" /><!-- duration: 3ms -->
              <step title="Skip function trigger and logicapp sync because function is not enabled." date="2025-10-22T04:23:55.681" /><!-- duration: 4ms -->
            </step><!-- duration: 3840ms -->
          </step><!-- duration: 3946ms -->
          <step title="Cleaning up temp files" date="2025-10-22T04:23:56.618" /><!-- duration: 2ms -->
          <step title="Cleaning up temp files" date="2025-10-22T04:23:56.623" /><!-- duration: 502ms -->
          <step title="Reloading status file with latest updates" date="2025-10-22T04:23:57.161" >
            <step title="WebHooksManager.PublishEventAsync: PostDeployment" date="2025-10-22T04:23:57.164" /><!-- duration: 18ms -->
          </step><!-- duration: 22ms -->
          <step title="Cleaning up temporary deployment - fetch deployment was successful" date="2025-10-22T04:23:57.186" /><!-- duration: 2ms -->
        </step><!-- duration: 4669ms -->
      </step><!-- duration: 6154ms -->
