<step title="BackgroundTrace" date="2025-10-22T04:19:15.968" instance="f79af4" url="/api/publish" method="POST" >
  <step title="Creating temporary deployment - FetchDeploymentManager" date="2025-10-22T04:19:15.994" /><!-- duration: 1ms -->
  <step title="Creating temporary deployment" date="2025-10-22T04:19:15.997" /><!-- duration: 37ms -->
  <step title="Performing fetch based deployment" date="2025-10-22T04:19:16.049" >
    <step title="Cleaning up temp folders from previous zip deployments and extracting pushed zip file /tmp/zipdeploy/ce6aa09f-7f25-46a6-819d-5b3dc5c78295.zip (2.37 MB) to /tmp/zipdeploy/extracted" date="2025-10-22T04:19:17.181" >
      <step title="ChmodRecursive Process exited with total time taken in ms: 27" date="2025-10-22T04:19:17.553" /><!-- duration: 5ms -->
    </step><!-- duration: 379ms -->
    <step title="Deployment timer started" date="2025-10-22T04:19:19.565" >
      <step title="DeploymentManager.Deploy(id:1d8a6e6a-454b-4d75-85d5-bdffd7d8122e)" date="2025-10-22T04:19:19.568" >
        <step title="Collecting changeset information" date="2025-10-22T04:19:19.574" /><!-- duration: 61ms -->
        <step title="Updating submodules" date="2025-10-22T04:19:19.650" /><!-- duration: 1070ms -->
        <step title="Determining deployment builder" date="2025-10-22T04:19:20.868" >
          <step title="Builder is OneDeployBuilder" date="2025-10-22T04:19:20.874" /><!-- duration: 2ms -->
        </step><!-- duration: 10ms -->
        <step title="PreDeployment: context.CleanOutputPath False" date="2025-10-22T04:19:20.912" >
          <step title="PreDeployment: context.OutputPath /home/site/wwwroot" date="2025-10-22T04:19:21.016" >
            <step title="Building" date="2025-10-22T04:19:21.118" >
              <step title="Executing external process" date="2025-10-22T04:19:21.650" type="process" path="starter.sh" arguments="/opt/Kudu/Scripts/absoluteTar.sh /tmp/zipdeploy/extracted/node_modules /tmp/zipdeploy/extracted/node_modules.tar.gz" /><!-- duration: 351ms -->
              <step title="Executing external process" date="2025-10-22T04:19:22.227" type="process" path="starter.sh" arguments="/opt/Kudu/Scripts/parallel_rsync.sh /tmp/zipdeploy/extracted /home/site/wwwroot 8 /tmp/ False False node_modules " /><!-- duration: 790ms -->
              <step title="Modified file to trigger a restart of the app container." date="2025-10-22T04:19:23.636" /><!-- duration: 2ms -->
              <step title="Skip function trigger and logicapp sync because function is not enabled." date="2025-10-22T04:19:23.639" /><!-- duration: 3ms -->
            </step><!-- duration: 3287ms -->
          </step><!-- duration: 3392ms -->
          <step title="Cleaning up temp files" date="2025-10-22T04:19:24.410" /><!-- duration: 2ms -->
          <step title="Cleaning up temp files" date="2025-10-22T04:19:24.415" /><!-- duration: 503ms -->
          <step title="Reloading status file with latest updates" date="2025-10-22T04:19:24.944" >
            <step title="WebHooksManager.PublishEventAsync: PostDeployment" date="2025-10-22T04:19:24.947" /><!-- duration: 14ms -->
          </step><!-- duration: 18ms -->
          <step title="Cleaning up temporary deployment - fetch deployment was successful" date="2025-10-22T04:19:24.965" /><!-- duration: 2ms -->
        </step><!-- duration: 4104ms -->
      </step><!-- duration: 5458ms -->
