<step title="Incoming Request" date="2025-10-22T06:22:23.907" instance="f79af4" url="/api/publish?async=true&amp;deployer=GITHUB_ONE_DEPLOY&amp;type=zip&amp;message=%7B%22type%22%3A%22deployment%22%2C%22sha%22%3A%22a113afc8c459634c1cc5f08d28ace61d7501eb58%22%2C%22repoName%22%3A%22Viking-Restaurant-Consultants%2FOdins-Almanac-site%22%2C%22actor%22%3A%22huffstetler312-dotcom%22%2C%22slotName%22%3A%22production%22%2C%22commitMessage%22%3A%22%22%7D" method="POST" type="request" pid="821,1,77" Host="odinsalmanac-drbxbhewetbghqdu.scm.westcentralus-01.azurewebsites.net" User-Agent="GITHUBACTIONS_DeployWebAppToAzure_c4b12f9f412cb9eab3363b9552d68afb4a9340a4604608b3a9a6c6760314d16a" Authorization="Bea..." Content-Type="application/octet-stream" Cookie="ARRAffinity=f79af48d966e1e24bd367d8501e7295b6b8bed83c9c0c48a75a15dd2b0f4f9f0;Path=/;HttpOnly;Secure;Domain=odinsalmanac-drbxbhewetbghqdu.scm.westcentralus-01.azurewebsites.net; ARRAffinitySameSite=f79af48d966e1e24bd367d8501e7295b6b8bed83c9c0c48a75a15dd2b0f4f9f0;Path=/;HttpOnly;SameSite=None;Secure;Domain=odinsalmanac-drbxbhewetbghqdu.scm.westcentralus-01.azurewebsites.net" Transfer-Encoding="chunked" X-ARR-LOG-ID="d2f20afb-b100-4c9e-b5eb-980e22094853" CLIENT-IP="135.119.238.195:26624" X-SITE-DEPLOYMENT-ID="Odinsalmanac" WAS-DEFAULT-HOSTNAME="odinsalmanac-drbxbhewetbghqdu.scm.westcentralus-01.azurewebsites.net" X-Forwarded-Proto="https" X-AppService-Proto="https" X-Forwarded-TlsVersion="1.3" X-WAWS-Unencoded-URL="/api/publish?async=true&amp;deployer=GITHUB_ONE_DEPLOY&amp;type=zip&amp;message=%7B%22type%22%3A%22deployment%22%2C%22sha%22%3A%22a113afc8c459634c1cc5f08d28ace61d7501eb58%22%2C%22repoName%22%3A%22Viking-Restaurant-Consultants%2FOdins-Almanac-site%22%2C%22actor%22%3A%22huffstetler312-dotcom%22%2C%22slotName%22%3A%22production%22%2C%22commitMessage%22%3A%22%22%7D" X-Client-IP="135.119.238.195" X-Client-Port="26624" >
  <step title="OneDeploy" date="2025-10-22T06:22:23.911" >
    <step title="Starting PushDeployAsync" date="2025-10-22T06:22:23.915" /><!-- duration: 12ms -->
    <step title="Removing node_modules symlink" date="2025-10-22T06:22:23.930" >
      <step title="Writing artifact to /tmp/zipdeploy/0c78d2c9-9780-49f1-b816-856e096a3f59.zip" date="2025-10-22T06:22:23.943" >
        <step title="Writing multipart request body to /tmp/zipdeploy/0c78d2c9-9780-49f1-b816-856e096a3f59.zip" date="2025-10-22T06:22:23.945" /><!-- duration: 2ms -->
      </step><!-- duration: 235ms -->
      <step title="Start deployment in the background" date="2025-10-22T06:22:24.182" >
        <step title="Acquiring Deployment Lock" date="2025-10-22T06:22:24.189" /><!-- duration: 2ms -->
        <step title="Acquired Deployment Lock" date="2025-10-22T06:22:24.207" /><!-- duration: 4ms -->
      </step><!-- duration: 82ms -->
    </step><!-- duration: 336ms -->
    <step title="Outgoing response" date="2025-10-22T06:22:24.268" type="response" statusCode="202" statusText="Accepted" /><!-- duration: 2ms -->
  </step><!-- duration: 361ms -->
