<step title="Incoming Request" date="2025-10-22T04:23:47.336" instance="f79af4" url="/api/publish?async=true&amp;deployer=GITHUB_ONE_DEPLOY&amp;type=zip&amp;message=%7B%22type%22%3A%22deployment%22%2C%22sha%22%3A%228d10886ecc5b35edb77851eaa0e9ae59df246ac7%22%2C%22repoName%22%3A%22Viking-Restaurant-Consultants%2FOdins-Almanac-site%22%2C%22actor%22%3A%22huffstetler312-dotcom%22%2C%22slotName%22%3A%22production%22%2C%22commitMessage%22%3A%22Fix%20Azure%20deployment%20workflow%3A%20Update%20Node%20version%20and%20release.zip%20configuration%20(%239)%5Cn%5CnCo-authored-by%3A%20Abacus%20AI%20Agent%20%3Cagent%40abacus.ai%3E%22%7D" method="POST" type="request" pid="821,1,26" Host="odinsalmanac-drbxbhewetbghqdu.scm.westcentralus-01.azurewebsites.net" User-Agent="GITHUBACTIONS_DeployWebAppToAzure_c4b12f9f412cb9eab3363b9552d68afb4a9340a4604608b3a9a6c6760314d16a" Authorization="Bea..." Content-Type="application/octet-stream" Cookie="ARRAffinity=f79af48d966e1e24bd367d8501e7295b6b8bed83c9c0c48a75a15dd2b0f4f9f0;Path=/;HttpOnly;Secure;Domain=odinsalmanac-drbxbhewetbghqdu.scm.westcentralus-01.azurewebsites.net; ARRAffinitySameSite=f79af48d966e1e24bd367d8501e7295b6b8bed83c9c0c48a75a15dd2b0f4f9f0;Path=/;HttpOnly;SameSite=None;Secure;Domain=odinsalmanac-drbxbhewetbghqdu.scm.westcentralus-01.azurewebsites.net" Transfer-Encoding="chunked" X-ARR-LOG-ID="0e61eaae-6104-4da8-b6c4-cb418c2891d5" CLIENT-IP="68.220.62.182:5168" X-SITE-DEPLOYMENT-ID="Odinsalmanac" WAS-DEFAULT-HOSTNAME="odinsalmanac-drbxbhewetbghqdu.scm.westcentralus-01.azurewebsites.net" X-Forwarded-Proto="https" X-AppService-Proto="https" X-Forwarded-TlsVersion="1.3" X-WAWS-Unencoded-URL="/api/publish?async=true&amp;deployer=GITHUB_ONE_DEPLOY&amp;type=zip&amp;message=%7B%22type%22%3A%22deployment%22%2C%22sha%22%3A%228d10886ecc5b35edb77851eaa0e9ae59df246ac7%22%2C%22repoName%22%3A%22Viking-Restaurant-Consultants%2FOdins-Almanac-site%22%2C%22actor%22%3A%22huffstetler312-dotcom%22%2C%22slotName%22%3A%22production%22%2C%22commitMessage%22%3A%22Fix%20Azure%20deployment%20workflow%3A%20Update%20Node%20version%20and%20release.zip%20configuration%20(%239)%5Cn%5CnCo-authored-by%3A%20Abacus%20AI%20Agent%20%3Cagent%40abacus.ai%3E%22%7D" X-Client-IP="68.220.62.182" X-Client-Port="5168" >
  <step title="OneDeploy" date="2025-10-22T04:23:47.341" >
    <step title="Starting PushDeployAsync" date="2025-10-22T04:23:47.347" /><!-- duration: 2ms -->
    <step title="Removing node_modules symlink" date="2025-10-22T04:23:47.358" >
      <step title="Writing artifact to /tmp/zipdeploy/0e4db95e-6c9a-4862-bb19-0f31ab75a6ff.zip" date="2025-10-22T04:23:47.373" >
        <step title="Writing multipart request body to /tmp/zipdeploy/0e4db95e-6c9a-4862-bb19-0f31ab75a6ff.zip" date="2025-10-22T04:23:47.375" /><!-- duration: 4ms -->
      </step><!-- duration: 106ms -->
      <step title="Start deployment in the background" date="2025-10-22T04:23:47.486" >
        <step title="Acquiring Deployment Lock" date="2025-10-22T04:23:47.492" /><!-- duration: 3ms -->
        <step title="Acquired Deployment Lock" date="2025-10-22T04:23:47.527" /><!-- duration: 2ms -->
      </step><!-- duration: 109ms -->
    </step><!-- duration: 239ms -->
    <step title="Outgoing response" date="2025-10-22T04:23:47.600" type="response" statusCode="202" statusText="Accepted" /><!-- duration: 1ms -->
  </step><!-- duration: 263ms -->
