<step title="BackgroundTrace" date="2025-10-22T06:16:58.881" instance="f79af4" url="/api/publish" method="POST" >
  <step title="Creating temporary deployment - FetchDeploymentManager" date="2025-10-22T06:16:58.916" /><!-- duration: 2ms -->
  <step title="Creating temporary deployment" date="2025-10-22T06:16:58.920" /><!-- duration: 49ms -->
  <step title="Performing fetch based deployment" date="2025-10-22T06:16:58.979" >
    <step title="Cleaning up temp folders from previous zip deployments and extracting pushed zip file /tmp/zipdeploy/0933d03e-3770-4d15-b982-7d795b822c23.zip (2.37 MB) to /tmp/zipdeploy/extracted" date="2025-10-22T06:17:00.104" >
      <step title="ChmodRecursive Process exited with total time taken in ms: 29" date="2025-10-22T06:17:00.458" /><!-- duration: 3ms -->
    </step><!-- duration: 358ms -->
    <step title="Deployment timer started" date="2025-10-22T06:17:02.468" >
      <step title="DeploymentManager.Deploy(id:461e1467-082c-40eb-9e72-7f0538977b1c)" date="2025-10-22T06:17:02.472" >
        <step title="Collecting changeset information" date="2025-10-22T06:17:02.480" /><!-- duration: 61ms -->
        <step title="Updating submodules" date="2025-10-22T06:17:02.545" /><!-- duration: 1117ms -->
        <step title="Determining deployment builder" date="2025-10-22T06:17:03.807" >
          <step title="Builder is OneDeployBuilder" date="2025-10-22T06:17:03.814" /><!-- duration: 2ms -->
        </step><!-- duration: 11ms -->
        <step title="PreDeployment: context.CleanOutputPath False" date="2025-10-22T06:17:03.854" >
          <step title="PreDeployment: context.OutputPath /home/site/wwwroot" date="2025-10-22T06:17:03.959" >
            <step title="Building" date="2025-10-22T06:17:04.067" >
              <step title="Executing external process" date="2025-10-22T06:17:04.736" type="process" path="starter.sh" arguments="/opt/Kudu/Scripts/absoluteTar.sh /tmp/zipdeploy/extracted/node_modules /tmp/zipdeploy/extracted/node_modules.tar.gz" /><!-- duration: 303ms -->
              <step title="Executing external process" date="2025-10-22T06:17:05.285" type="process" path="starter.sh" arguments="/opt/Kudu/Scripts/parallel_rsync.sh /tmp/zipdeploy/extracted /home/site/wwwroot 8 /tmp/ False False node_modules " /><!-- duration: 904ms -->
              <step title="Modified file to trigger a restart of the app container." date="2025-10-22T06:17:06.756" /><!-- duration: 2ms -->
              <step title="Skip function trigger and logicapp sync because function is not enabled." date="2025-10-22T06:17:06.759" /><!-- duration: 2ms -->
            </step><!-- duration: 3441ms -->
          </step><!-- duration: 3553ms -->
          <step title="Cleaning up temp files" date="2025-10-22T06:17:07.514" /><!-- duration: 2ms -->
          <step title="Cleaning up temp files" date="2025-10-22T06:17:07.519" /><!-- duration: 502ms -->
          <step title="Reloading status file with latest updates" date="2025-10-22T06:17:08.048" >
            <step title="WebHooksManager.PublishEventAsync: PostDeployment" date="2025-10-22T06:17:08.052" /><!-- duration: 28ms -->
          </step><!-- duration: 34ms -->
          <step title="Cleaning up temporary deployment - fetch deployment was successful" date="2025-10-22T06:17:08.085" /><!-- duration: 3ms -->
        </step><!-- duration: 4295ms -->
      </step><!-- duration: 5688ms -->
