<step title="BackgroundTrace" date="2025-10-22T16:04:33.015" instance="f79af4" url="/api/publish" method="POST" >
  <step title="Creating temporary deployment - FetchDeploymentManager" date="2025-10-22T16:04:33.050" /><!-- duration: 2ms -->
  <step title="Creating temporary deployment" date="2025-10-22T16:04:33.053" /><!-- duration: 54ms -->
  <step title="Performing fetch based deployment" date="2025-10-22T16:04:33.121" >
    <step title="Cleaning up temp folders from previous zip deployments and extracting pushed zip file /tmp/zipdeploy/4fc07ea8-d158-4fb9-abee-2820f972ff06.zip (2.38 MB) to /tmp/zipdeploy/extracted" date="2025-10-22T16:04:34.268" >
      <step title="ChmodRecursive Process exited with total time taken in ms: 27" date="2025-10-22T16:04:34.621" /><!-- duration: 2ms -->
    </step><!-- duration: 358ms -->
    <step title="Deployment timer started" date="2025-10-22T16:04:36.631" >
      <step title="DeploymentManager.Deploy(id:e38e9557-40f2-4751-a9b2-4bff09956637)" date="2025-10-22T16:04:36.635" >
        <step title="Collecting changeset information" date="2025-10-22T16:04:36.643" /><!-- duration: 62ms -->
        <step title="Updating submodules" date="2025-10-22T16:04:36.709" /><!-- duration: 1098ms -->
        <step title="Determining deployment builder" date="2025-10-22T16:04:37.982" >
          <step title="Builder is OneDeployBuilder" date="2025-10-22T16:04:37.987" /><!-- duration: 2ms -->
        </step><!-- duration: 12ms -->
        <step title="PreDeployment: context.CleanOutputPath False" date="2025-10-22T16:04:38.041" >
          <step title="PreDeployment: context.OutputPath /home/site/wwwroot" date="2025-10-22T16:04:38.139" >
            <step title="Building" date="2025-10-22T16:04:38.243" >
              <step title="Executing external process" date="2025-10-22T16:04:38.788" type="process" path="starter.sh" arguments="/opt/Kudu/Scripts/absoluteTar.sh /tmp/zipdeploy/extracted/node_modules /tmp/zipdeploy/extracted/node_modules.tar.gz" /><!-- duration: 307ms -->
              <step title="Executing external process" date="2025-10-22T16:04:39.342" type="process" path="starter.sh" arguments="/opt/Kudu/Scripts/parallel_rsync.sh /tmp/zipdeploy/extracted /home/site/wwwroot 8 /tmp/ False False node_modules " /><!-- duration: 864ms -->
              <step title="Modified file to trigger a restart of the app container." date="2025-10-22T16:04:41.396" /><!-- duration: 3ms -->
              <step title="Skip function trigger and logicapp sync because function is not enabled." date="2025-10-22T16:04:41.401" /><!-- duration: 3ms -->
              <step title="Purge deployment items" date="2025-10-22T16:04:42.501" >
                <step title="Remove d62867f4-, Success, received at 10/17/2025 03:34:29" date="2025-10-22T16:04:42.571" /><!-- duration: 2ms -->
              </step><!-- duration: 74ms -->
            </step><!-- duration: 4425ms -->
          </step><!-- duration: 4533ms -->
          <step title="Cleaning up temp files" date="2025-10-22T16:04:42.673" /><!-- duration: 3ms -->
          <step title="Cleaning up temp files" date="2025-10-22T16:04:42.689" /><!-- duration: 503ms -->
          <step title="Reloading status file with latest updates" date="2025-10-22T16:04:43.233" >
            <step title="WebHooksManager.PublishEventAsync: PostDeployment" date="2025-10-22T16:04:43.238" /><!-- duration: 45ms -->
          </step><!-- duration: 54ms -->
          <step title="Cleaning up temporary deployment - fetch deployment was successful" date="2025-10-22T16:04:43.293" /><!-- duration: 5ms -->
        </step><!-- duration: 5327ms -->
      </step><!-- duration: 6749ms -->
