<step title="Incoming Request" date="2025-10-23T02:05:53.509" instance="f79af4" url="/api/publish?async=true&amp;deployer=GITHUB_ONE_DEPLOY&amp;type=zip&amp;message=%7B%22type%22%3A%22deployment%22%2C%22sha%22%3A%22d9c44e26110c4fb999658691b5d182df8edf0eee%22%2C%22repoName%22%3A%22Viking-Restaurant-Consultants%2FOdins-Almanac-site%22%2C%22actor%22%3A%22huffstetler312-dotcom%22%2C%22slotName%22%3A%22production%22%2C%22commitMessage%22%3A%22Update%20website%20with%20clean%20hierarchy%3A%20Viking%20Restaurant%20Consultants%20%3E%20Odin%27s%20Almanac%20%3E%20Odin%27s%20Eye%20with%20working%20interactive%20demos%22%7D" method="POST" type="request" pid="821,1,16" Host="odinsalmanac-drbxbhewetbghqdu.scm.westcentralus-01.azurewebsites.net" User-Agent="GITHUBACTIONS_DeployWebAppToAzure_c4b12f9f412cb9eab3363b9552d68afb4a9340a4604608b3a9a6c6760314d16a" Authorization="Bea..." Content-Type="application/octet-stream" Cookie="ARRAffinity=f79af48d966e1e24bd367d8501e7295b6b8bed83c9c0c48a75a15dd2b0f4f9f0;Path=/;HttpOnly;Secure;Domain=odinsalmanac-drbxbhewetbghqdu.scm.westcentralus-01.azurewebsites.net; ARRAffinitySameSite=f79af48d966e1e24bd367d8501e7295b6b8bed83c9c0c48a75a15dd2b0f4f9f0;Path=/;HttpOnly;SameSite=None;Secure;Domain=odinsalmanac-drbxbhewetbghqdu.scm.westcentralus-01.azurewebsites.net" Transfer-Encoding="chunked" X-ARR-LOG-ID="5d885e2d-ab07-481f-bf2d-b5d99184c019" CLIENT-IP="52.173.181.18:46096" X-SITE-DEPLOYMENT-ID="Odinsalmanac" WAS-DEFAULT-HOSTNAME="odinsalmanac-drbxbhewetbghqdu.scm.westcentralus-01.azurewebsites.net" X-Forwarded-Proto="https" X-AppService-Proto="https" X-Forwarded-TlsVersion="1.3" X-WAWS-Unencoded-URL="/api/publish?async=true&amp;deployer=GITHUB_ONE_DEPLOY&amp;type=zip&amp;message=%7B%22type%22%3A%22deployment%22%2C%22sha%22%3A%22d9c44e26110c4fb999658691b5d182df8edf0eee%22%2C%22repoName%22%3A%22Viking-Restaurant-Consultants%2FOdins-Almanac-site%22%2C%22actor%22%3A%22huffstetler312-dotcom%22%2C%22slotName%22%3A%22production%22%2C%22commitMessage%22%3A%22Update%20website%20with%20clean%20hierarchy%3A%20Viking%20Restaurant%20Consultants%20%3E%20Odin%27s%20Almanac%20%3E%20Odin%27s%20Eye%20with%20working%20interactive%20demos%22%7D" X-Client-IP="52.173.181.18" X-Client-Port="46096" >
  <step title="OneDeploy" date="2025-10-23T02:05:53.514" >
    <step title="Starting PushDeployAsync" date="2025-10-23T02:05:53.517" /><!-- duration: 1ms -->
    <step title="Removing node_modules symlink" date="2025-10-23T02:05:53.526" >
      <step title="Writing artifact to /tmp/zipdeploy/f1494303-e96c-43ba-9542-ea81b562050f.zip" date="2025-10-23T02:05:53.559" >
        <step title="Writing multipart request body to /tmp/zipdeploy/f1494303-e96c-43ba-9542-ea81b562050f.zip" date="2025-10-23T02:05:53.562" /><!-- duration: 2ms -->
      </step><!-- duration: 46ms -->
      <step title="Start deployment in the background" date="2025-10-23T02:05:53.613" >
        <step title="Acquiring Deployment Lock" date="2025-10-23T02:05:53.620" /><!-- duration: 2ms -->
        <step title="Acquired Deployment Lock" date="2025-10-23T02:05:53.657" /><!-- duration: 2ms -->
      </step><!-- duration: 90ms -->
    </step><!-- duration: 179ms -->
    <step title="Outgoing response" date="2025-10-23T02:05:53.708" type="response" statusCode="202" statusText="Accepted" /><!-- duration: 2ms -->
  </step><!-- duration: 198ms -->
