<step title="Incoming Request" date="2025-10-22T17:28:57.415" instance="f79af4" url="/api/publish?async=true&amp;deployer=GITHUB_ONE_DEPLOY&amp;type=zip&amp;message=%7B%22type%22%3A%22deployment%22%2C%22sha%22%3A%226af2f0cc3c8fdf0152802d1b5d3a5d49173e8018%22%2C%22repoName%22%3A%22Viking-Restaurant-Consultants%2FOdins-Almanac-site%22%2C%22actor%22%3A%22huffstetler312-dotcom%22%2C%22slotName%22%3A%22production%22%2C%22commitMessage%22%3A%22Launch%20professional%20Viking%20consulting%20website%20-%20metallic%20design%20with%20core%20values%22%7D" method="POST" type="request" pid="821,1,49" Host="odinsalmanac-drbxbhewetbghqdu.scm.westcentralus-01.azurewebsites.net" User-Agent="GITHUBACTIONS_DeployWebAppToAzure_c4b12f9f412cb9eab3363b9552d68afb4a9340a4604608b3a9a6c6760314d16a" Authorization="Bea..." Content-Type="application/octet-stream" Cookie="ARRAffinity=f79af48d966e1e24bd367d8501e7295b6b8bed83c9c0c48a75a15dd2b0f4f9f0;Path=/;HttpOnly;Secure;Domain=odinsalmanac-drbxbhewetbghqdu.scm.westcentralus-01.azurewebsites.net; ARRAffinitySameSite=f79af48d966e1e24bd367d8501e7295b6b8bed83c9c0c48a75a15dd2b0f4f9f0;Path=/;HttpOnly;SameSite=None;Secure;Domain=odinsalmanac-drbxbhewetbghqdu.scm.westcentralus-01.azurewebsites.net" Transfer-Encoding="chunked" X-ARR-LOG-ID="e70e194b-f080-400d-80c1-5a9b6b171834" CLIENT-IP="172.182.195.35:32768" X-SITE-DEPLOYMENT-ID="Odinsalmanac" WAS-DEFAULT-HOSTNAME="odinsalmanac-drbxbhewetbghqdu.scm.westcentralus-01.azurewebsites.net" X-Forwarded-Proto="https" X-AppService-Proto="https" X-Forwarded-TlsVersion="1.3" X-WAWS-Unencoded-URL="/api/publish?async=true&amp;deployer=GITHUB_ONE_DEPLOY&amp;type=zip&amp;message=%7B%22type%22%3A%22deployment%22%2C%22sha%22%3A%226af2f0cc3c8fdf0152802d1b5d3a5d49173e8018%22%2C%22repoName%22%3A%22Viking-Restaurant-Consultants%2FOdins-Almanac-site%22%2C%22actor%22%3A%22huffstetler312-dotcom%22%2C%22slotName%22%3A%22production%22%2C%22commitMessage%22%3A%22Launch%20professional%20Viking%20consulting%20website%20-%20metallic%20design%20with%20core%20values%22%7D" X-Client-IP="172.182.195.35" X-Client-Port="32768" >
  <step title="OneDeploy" date="2025-10-22T17:28:57.445" >
    <step title="None repository commit" date="2025-10-22T17:28:57.453" >
      <step title="Commit id: 0b591711-9be9-45a0-b369-56e89053368a" date="2025-10-22T17:28:57.455" Message="N/A" AuthorName="N/A" AuthorEmail="N/A" /><!-- duration: 2ms -->
    </step><!-- duration: 5ms -->
    <step title="Starting PushDeployAsync" date="2025-10-22T17:28:57.460" /><!-- duration: 2ms -->
    <step title="Removing node_modules symlink" date="2025-10-22T17:28:57.468" >
      <step title="Removing _del_node_modules symlink" date="2025-10-22T17:28:57.489" >
        <step title="Writing artifact to /tmp/zipdeploy/9d3051c3-a73d-43a2-9f9f-9f8d7fe8f05b.zip" date="2025-10-22T17:28:57.534" >
          <step title="Writing multipart request body to /tmp/zipdeploy/9d3051c3-a73d-43a2-9f9f-9f8d7fe8f05b.zip" date="2025-10-22T17:28:57.551" /><!-- duration: 2ms -->
        </step><!-- duration: 68ms -->
        <step title="Start deployment in the background" date="2025-10-22T17:28:57.609" >
          <step title="Acquiring Deployment Lock" date="2025-10-22T17:28:57.618" /><!-- duration: 2ms -->
          <step title="Acquired Deployment Lock" date="2025-10-22T17:28:57.654" /><!-- duration: 2ms -->
        </step><!-- duration: 84ms -->
      </step><!-- duration: 208ms -->
      <step title="Outgoing response" date="2025-10-22T17:28:57.702" type="response" statusCode="202" statusText="Accepted" /><!-- duration: 2ms -->
    </step><!-- duration: 238ms -->
