<step title="BackgroundTrace" date="2025-10-22T04:09:06.414" instance="f79af4" url="/api/publish" method="POST" >
  <step title="Creating temporary deployment - FetchDeploymentManager" date="2025-10-22T04:09:06.463" /><!-- duration: 2ms -->
  <step title="Creating temporary deployment" date="2025-10-22T04:09:06.467" /><!-- duration: 89ms -->
  <step title="Performing fetch based deployment" date="2025-10-22T04:09:06.590" >
    <step title="Cleaning up temp folders from previous zip deployments and extracting pushed zip file /tmp/zipdeploy/1b732e63-66ad-41ed-8816-27731b19f8a1.zip (2.37 MB) to /tmp/zipdeploy/extracted" date="2025-10-22T04:09:07.764" >
      <step title="ChmodRecursive Process exited with total time taken in ms: 31" date="2025-10-22T04:09:08.092" /><!-- duration: 2ms -->
    </step><!-- duration: 334ms -->
    <step title="Deployment timer started" date="2025-10-22T04:09:10.103" >
      <step title="DeploymentManager.Deploy(id:882805dd-62dd-4a71-b9de-d2a8754de82e)" date="2025-10-22T04:09:10.108" >
        <step title="Collecting changeset information" date="2025-10-22T04:09:10.119" /><!-- duration: 101ms -->
        <step title="Updating submodules" date="2025-10-22T04:09:10.223" /><!-- duration: 1093ms -->
        <step title="Determining deployment builder" date="2025-10-22T04:09:11.452" >
          <step title="Builder is OneDeployBuilder" date="2025-10-22T04:09:11.458" /><!-- duration: 2ms -->
        </step><!-- duration: 10ms -->
        <step title="PreDeployment: context.CleanOutputPath False" date="2025-10-22T04:09:11.490" >
          <step title="PreDeployment: context.OutputPath /home/site/wwwroot" date="2025-10-22T04:09:11.565" >
            <step title="Building" date="2025-10-22T04:09:11.664" >
              <step title="Executing external process" date="2025-10-22T04:09:12.206" type="process" path="starter.sh" arguments="/opt/Kudu/Scripts/absoluteTar.sh /tmp/zipdeploy/extracted/node_modules /tmp/zipdeploy/extracted/node_modules.tar.gz" /><!-- duration: 354ms -->
              <step title="Executing external process" date="2025-10-22T04:09:13.065" type="process" path="starter.sh" arguments="/opt/Kudu/Scripts/parallel_rsync.sh /tmp/zipdeploy/extracted /home/site/wwwroot 8 /tmp/ False False node_modules " /><!-- duration: 764ms -->
              <step title="Modified file to trigger a restart of the app container." date="2025-10-22T04:09:14.526" /><!-- duration: 3ms -->
              <step title="Skip function trigger and logicapp sync because function is not enabled." date="2025-10-22T04:09:14.531" /><!-- duration: 7ms -->
            </step><!-- duration: 3597ms -->
          </step><!-- duration: 3699ms -->
          <step title="Cleaning up temp files" date="2025-10-22T04:09:15.266" /><!-- duration: 2ms -->
          <step title="Cleaning up temp files" date="2025-10-22T04:09:15.270" /><!-- duration: 503ms -->
          <step title="Reloading status file with latest updates" date="2025-10-22T04:09:15.815" >
            <step title="WebHooksManager.PublishEventAsync: PostDeployment" date="2025-10-22T04:09:15.818" /><!-- duration: 23ms -->
          </step><!-- duration: 28ms -->
          <step title="Cleaning up temporary deployment - fetch deployment was successful" date="2025-10-22T04:09:15.847" /><!-- duration: 1ms -->
        </step><!-- duration: 4407ms -->
      </step><!-- duration: 5797ms -->
