<step title="BackgroundTrace" date="2025-10-22T06:22:24.185" instance="f79af4" url="/api/publish" method="POST" >
  <step title="Creating temporary deployment - FetchDeploymentManager" date="2025-10-22T06:22:24.216" /><!-- duration: 5ms -->
  <step title="Creating temporary deployment" date="2025-10-22T06:22:24.223" /><!-- duration: 39ms -->
  <step title="Performing fetch based deployment" date="2025-10-22T06:22:24.275" >
    <step title="Cleaning up temp folders from previous zip deployments and extracting pushed zip file /tmp/zipdeploy/0c78d2c9-9780-49f1-b816-856e096a3f59.zip (2.37 MB) to /tmp/zipdeploy/extracted" date="2025-10-22T06:22:25.374" >
      <step title="ChmodRecursive Process exited with total time taken in ms: 28" date="2025-10-22T06:22:25.737" /><!-- duration: 5ms -->
    </step><!-- duration: 370ms -->
    <step title="Deployment timer started" date="2025-10-22T06:22:27.747" >
      <step title="DeploymentManager.Deploy(id:faec0dfe-dfa9-4b93-b9bd-d14e87d006fa)" date="2025-10-22T06:22:27.751" >
        <step title="Collecting changeset information" date="2025-10-22T06:22:27.759" /><!-- duration: 67ms -->
        <step title="Updating submodules" date="2025-10-22T06:22:27.830" /><!-- duration: 1090ms -->
        <step title="Determining deployment builder" date="2025-10-22T06:22:29.081" >
          <step title="Builder is OneDeployBuilder" date="2025-10-22T06:22:29.092" /><!-- duration: 6ms -->
        </step><!-- duration: 22ms -->
        <step title="PreDeployment: context.CleanOutputPath False" date="2025-10-22T06:22:29.148" >
          <step title="PreDeployment: context.OutputPath /home/site/wwwroot" date="2025-10-22T06:22:29.245" >
            <step title="Building" date="2025-10-22T06:22:29.337" >
              <step title="Executing external process" date="2025-10-22T06:22:29.869" type="process" path="starter.sh" arguments="/opt/Kudu/Scripts/absoluteTar.sh /tmp/zipdeploy/extracted/node_modules /tmp/zipdeploy/extracted/node_modules.tar.gz" /><!-- duration: 305ms -->
              <step title="Executing external process" date="2025-10-22T06:22:30.368" type="process" path="starter.sh" arguments="/opt/Kudu/Scripts/parallel_rsync.sh /tmp/zipdeploy/extracted /home/site/wwwroot 8 /tmp/ False False node_modules " /><!-- duration: 1065ms -->
              <step title="Modified file to trigger a restart of the app container." date="2025-10-22T06:22:32.184" /><!-- duration: 4ms -->
              <step title="Skip function trigger and logicapp sync because function is not enabled." date="2025-10-22T06:22:32.192" /><!-- duration: 4ms -->
              <step title="Purge deployment items" date="2025-10-22T06:22:33.082" >
                <step title="Remove 04cb72bd-, Success, received at 10/17/2025 02:09:55" date="2025-10-22T06:22:33.139" /><!-- duration: 2ms -->
              </step><!-- duration: 60ms -->
            </step><!-- duration: 3853ms -->
          </step><!-- duration: 3955ms -->
          <step title="Cleaning up temp files" date="2025-10-22T06:22:33.202" /><!-- duration: 4ms -->
          <step title="Cleaning up temp files" date="2025-10-22T06:22:33.208" /><!-- duration: 503ms -->
          <step title="Reloading status file with latest updates" date="2025-10-22T06:22:33.735" >
            <step title="WebHooksManager.PublishEventAsync: PostDeployment" date="2025-10-22T06:22:33.739" /><!-- duration: 16ms -->
          </step><!-- duration: 23ms -->
          <step title="Cleaning up temporary deployment - fetch deployment was successful" date="2025-10-22T06:22:33.760" /><!-- duration: 2ms -->
        </step><!-- duration: 4668ms -->
      </step><!-- duration: 6075ms -->
