<step title="BackgroundTrace" date="2025-10-22T17:28:57.612" instance="f79af4" url="/api/publish" method="POST" >
  <step title="Creating temporary deployment - FetchDeploymentManager" date="2025-10-22T17:28:57.658" /><!-- duration: 2ms -->
  <step title="Creating temporary deployment" date="2025-10-22T17:28:57.662" /><!-- duration: 29ms -->
  <step title="Performing fetch based deployment" date="2025-10-22T17:28:57.713" >
    <step title="Cleaning up temp folders from previous zip deployments and extracting pushed zip file /tmp/zipdeploy/9d3051c3-a73d-43a2-9f9f-9f8d7fe8f05b.zip (2.38 MB) to /tmp/zipdeploy/extracted" date="2025-10-22T17:28:58.820" >
      <step title="ChmodRecursive Process exited with total time taken in ms: 34" date="2025-10-22T17:28:59.256" /><!-- duration: 2ms -->
    </step><!-- duration: 439ms -->
    <step title="Deployment timer started" date="2025-10-22T17:29:01.265" >
      <step title="DeploymentManager.Deploy(id:0b591711-9be9-45a0-b369-56e89053368a)" date="2025-10-22T17:29:01.268" >
        <step title="Collecting changeset information" date="2025-10-22T17:29:01.312" /><!-- duration: 58ms -->
        <step title="Updating submodules" date="2025-10-22T17:29:01.373" /><!-- duration: 1112ms -->
        <step title="Determining deployment builder" date="2025-10-22T17:29:02.647" >
          <step title="Builder is OneDeployBuilder" date="2025-10-22T17:29:02.660" /><!-- duration: 5ms -->
        </step><!-- duration: 21ms -->
        <step title="PreDeployment: context.CleanOutputPath False" date="2025-10-22T17:29:02.706" >
          <step title="PreDeployment: context.OutputPath /home/site/wwwroot" date="2025-10-22T17:29:02.794" >
            <step title="Building" date="2025-10-22T17:29:02.895" >
              <step title="Executing external process" date="2025-10-22T17:29:03.376" type="process" path="starter.sh" arguments="/opt/Kudu/Scripts/absoluteTar.sh /tmp/zipdeploy/extracted/node_modules /tmp/zipdeploy/extracted/node_modules.tar.gz" /><!-- duration: 412ms -->
              <step title="Executing external process" date="2025-10-22T17:29:04.005" type="process" path="starter.sh" arguments="/opt/Kudu/Scripts/parallel_rsync.sh /tmp/zipdeploy/extracted /home/site/wwwroot 8 /tmp/ False False node_modules " /><!-- duration: 908ms -->
              <step title="Modified file to trigger a restart of the app container." date="2025-10-22T17:29:05.512" /><!-- duration: 2ms -->
              <step title="Skip function trigger and logicapp sync because function is not enabled." date="2025-10-22T17:29:05.516" /><!-- duration: 2ms -->
              <step title="Purge deployment items" date="2025-10-22T17:29:06.228" >
                <step title="Remove 95961533-, Success, received at 10/17/2025 13:46:15" date="2025-10-22T17:29:06.269" /><!-- duration: 2ms -->
              </step><!-- duration: 45ms -->
            </step><!-- duration: 3433ms -->
          </step><!-- duration: 3536ms -->
          <step title="Cleaning up temp files" date="2025-10-22T17:29:06.332" /><!-- duration: 2ms -->
          <step title="Cleaning up temp files" date="2025-10-22T17:29:06.337" /><!-- duration: 502ms -->
          <step title="Reloading status file with latest updates" date="2025-10-22T17:29:06.871" >
            <step title="WebHooksManager.PublishEventAsync: PostDeployment" date="2025-10-22T17:29:06.874" /><!-- duration: 27ms -->
          </step><!-- duration: 33ms -->
          <step title="Cleaning up temporary deployment - fetch deployment was successful" date="2025-10-22T17:29:06.906" /><!-- duration: 1ms -->
        </step><!-- duration: 4266ms -->
      </step><!-- duration: 5713ms -->
