<step title="BackgroundTrace" date="2025-10-17T13:46:11.814" instance="f79af4" url="/api/publish" method="POST" >
  <step title="Creating temporary deployment - FetchDeploymentManager" date="2025-10-17T13:46:11.855" /><!-- duration: 2ms -->
  <step title="Creating temporary deployment" date="2025-10-17T13:46:11.858" /><!-- duration: 35ms -->
  <step title="Performing fetch based deployment" date="2025-10-17T13:46:11.913" >
    <step title="Cleaning up temp folders from previous zip deployments and extracting pushed zip file /tmp/zipdeploy/1e6ca5a4-04d6-4996-9f22-a738c5f1e01a.zip (2.37 MB) to /tmp/zipdeploy/extracted" date="2025-10-17T13:46:13.044" >
      <step title="ChmodRecursive Process exited with total time taken in ms: 26" date="2025-10-17T13:46:13.458" /><!-- duration: 2ms -->
    </step><!-- duration: 418ms -->
    <step title="Deployment timer started" date="2025-10-17T13:46:15.467" >
      <step title="DeploymentManager.Deploy(id:95961533-8430-47cb-937b-e5fa8fbcbd0d)" date="2025-10-17T13:46:15.470" >
        <step title="Collecting changeset information" date="2025-10-17T13:46:15.476" /><!-- duration: 58ms -->
        <step title="Updating submodules" date="2025-10-17T13:46:15.538" /><!-- duration: 1085ms -->
        <step title="Determining deployment builder" date="2025-10-17T13:46:16.804" >
          <step title="Builder is OneDeployBuilder" date="2025-10-17T13:46:16.809" /><!-- duration: 2ms -->
        </step><!-- duration: 9ms -->
        <step title="PreDeployment: context.CleanOutputPath False" date="2025-10-17T13:46:16.845" >
          <step title="PreDeployment: context.OutputPath /home/site/wwwroot" date="2025-10-17T13:46:16.952" >
            <step title="Building" date="2025-10-17T13:46:17.089" >
              <step title="Executing external process" date="2025-10-17T13:46:17.535" type="process" path="starter.sh" arguments="/opt/Kudu/Scripts/absoluteTar.sh /tmp/zipdeploy/extracted/node_modules /tmp/zipdeploy/extracted/node_modules.tar.gz" /><!-- duration: 385ms -->
              <step title="Executing external process" date="2025-10-17T13:46:18.109" type="process" path="starter.sh" arguments="/opt/Kudu/Scripts/parallel_rsync.sh /tmp/zipdeploy/extracted /home/site/wwwroot 8 /tmp/ False False node_modules " /><!-- duration: 938ms -->
              <step title="Modified file to trigger a restart of the app container." date="2025-10-17T13:46:19.572" /><!-- duration: 13ms -->
              <step title="Skip function trigger and logicapp sync because function is not enabled." date="2025-10-17T13:46:19.587" /><!-- duration: 2ms -->
            </step><!-- duration: 3073ms -->
          </step><!-- duration: 3213ms -->
          <step title="Cleaning up temp files" date="2025-10-17T13:46:20.167" /><!-- duration: 13ms -->
          <step title="Cleaning up temp files" date="2025-10-17T13:46:20.181" /><!-- duration: 502ms -->
          <step title="Reloading status file with latest updates" date="2025-10-17T13:46:20.719" >
            <step title="WebHooksManager.PublishEventAsync: PostDeployment" date="2025-10-17T13:46:20.722" /><!-- duration: 26ms -->
          </step><!-- duration: 31ms -->
          <step title="Cleaning up temporary deployment - fetch deployment was successful" date="2025-10-17T13:46:20.753" /><!-- duration: 1ms -->
        </step><!-- duration: 3954ms -->
      </step><!-- duration: 5337ms -->
