<step title="BackgroundTrace" date="2025-10-17T03:34:26.109" instance="7a7f00" url="/api/publish" method="POST" >
  <step title="Creating temporary deployment - FetchDeploymentManager" date="2025-10-17T03:34:26.136" /><!-- duration: 2ms -->
  <step title="Creating temporary deployment" date="2025-10-17T03:34:26.139" /><!-- duration: 28ms -->
  <step title="Performing fetch based deployment" date="2025-10-17T03:34:26.179" >
    <step title="Cleaning up temp folders from previous zip deployments and extracting pushed zip file /tmp/zipdeploy/f9a6793a-8e5f-40aa-89eb-b413ae56b827.zip (2.37 MB) to /tmp/zipdeploy/extracted" date="2025-10-17T03:34:27.295" >
      <step title="ChmodRecursive Process exited with total time taken in ms: 25" date="2025-10-17T03:34:27.687" /><!-- duration: 2ms -->
    </step><!-- duration: 395ms -->
    <step title="Deployment timer started" date="2025-10-17T03:34:29.694" >
      <step title="DeploymentManager.Deploy(id:d62867f4-5ea5-4e8a-9130-2c3f96e44ad9)" date="2025-10-17T03:34:29.698" >
        <step title="Collecting changeset information" date="2025-10-17T03:34:29.714" /><!-- duration: 59ms -->
        <step title="Updating submodules" date="2025-10-17T03:34:29.777" /><!-- duration: 1070ms -->
        <step title="Determining deployment builder" date="2025-10-17T03:34:30.989" >
          <step title="Builder is OneDeployBuilder" date="2025-10-17T03:34:30.996" /><!-- duration: 2ms -->
        </step><!-- duration: 11ms -->
        <step title="PreDeployment: context.CleanOutputPath False" date="2025-10-17T03:34:31.029" >
          <step title="PreDeployment: context.OutputPath /home/site/wwwroot" date="2025-10-17T03:34:31.111" >
            <step title="Building" date="2025-10-17T03:34:31.204" >
              <step title="Executing external process" date="2025-10-17T03:34:31.661" type="process" path="starter.sh" arguments="/opt/Kudu/Scripts/absoluteTar.sh /tmp/zipdeploy/extracted/node_modules /tmp/zipdeploy/extracted/node_modules.tar.gz" /><!-- duration: 303ms -->
              <step title="Executing external process" date="2025-10-17T03:34:32.176" type="process" path="starter.sh" arguments="/opt/Kudu/Scripts/parallel_rsync.sh /tmp/zipdeploy/extracted /home/site/wwwroot 8 /tmp/ False False node_modules " /><!-- duration: 877ms -->
              <step title="Modified file to trigger a restart of the app container." date="2025-10-17T03:34:33.560" /><!-- duration: 2ms -->
              <step title="Skip function trigger and logicapp sync because function is not enabled." date="2025-10-17T03:34:33.563" /><!-- duration: 2ms -->
            </step><!-- duration: 2916ms -->
          </step><!-- duration: 3041ms -->
          <step title="Cleaning up temp files" date="2025-10-17T03:34:34.154" /><!-- duration: 2ms -->
          <step title="Cleaning up temp files" date="2025-10-17T03:34:34.158" /><!-- duration: 503ms -->
          <step title="Reloading status file with latest updates" date="2025-10-17T03:34:34.684" >
            <step title="WebHooksManager.PublishEventAsync: PostDeployment" date="2025-10-17T03:34:34.687" /><!-- duration: 31ms -->
          </step><!-- duration: 36ms -->
          <step title="Cleaning up temporary deployment - fetch deployment was successful" date="2025-10-17T03:34:34.722" /><!-- duration: 2ms -->
        </step><!-- duration: 3733ms -->
      </step><!-- duration: 5073ms -->
