<step title="Incoming Request" date="2025-10-22T20:13:28.397" instance="f79af4" url="/api/publish?async=true&amp;deployer=GITHUB_ONE_DEPLOY&amp;type=zip&amp;message=%7B%22type%22%3A%22deployment%22%2C%22sha%22%3A%2265033aefb03891ef1c511e72cc5c93a7835ffe32%22%2C%22repoName%22%3A%22Viking-Restaurant-Consultants%2FOdins-Almanac-site%22%2C%22actor%22%3A%22huffstetler312-dotcom%22%2C%22slotName%22%3A%22production%22%2C%22commitMessage%22%3A%22Complete%20Odin%27s%20Almanac%20platform%20-%20add%20Odin%27s%20Eye%20financial%20automation%20as%20third%20product%22%7D" method="POST" type="request" pid="821,1,49" Host="odinsalmanac-drbxbhewetbghqdu.scm.westcentralus-01.azurewebsites.net" User-Agent="GITHUBACTIONS_DeployWebAppToAzure_c4b12f9f412cb9eab3363b9552d68afb4a9340a4604608b3a9a6c6760314d16a" Authorization="Bea..." Content-Type="application/octet-stream" Cookie="ARRAffinity=f79af48d966e1e24bd367d8501e7295b6b8bed83c9c0c48a75a15dd2b0f4f9f0;Path=/;HttpOnly;Secure;Domain=odinsalmanac-drbxbhewetbghqdu.scm.westcentralus-01.azurewebsites.net; ARRAffinitySameSite=f79af48d966e1e24bd367d8501e7295b6b8bed83c9c0c48a75a15dd2b0f4f9f0;Path=/;HttpOnly;SameSite=None;Secure;Domain=odinsalmanac-drbxbhewetbghqdu.scm.westcentralus-01.azurewebsites.net" Transfer-Encoding="chunked" X-ARR-LOG-ID="3b45e8de-61a3-4b26-9611-087806a78009" CLIENT-IP="172.174.167.19:56320" X-SITE-DEPLOYMENT-ID="Odinsalmanac" WAS-DEFAULT-HOSTNAME="odinsalmanac-drbxbhewetbghqdu.scm.westcentralus-01.azurewebsites.net" X-Forwarded-Proto="https" X-AppService-Proto="https" X-Forwarded-TlsVersion="1.3" X-WAWS-Unencoded-URL="/api/publish?async=true&amp;deployer=GITHUB_ONE_DEPLOY&amp;type=zip&amp;message=%7B%22type%22%3A%22deployment%22%2C%22sha%22%3A%2265033aefb03891ef1c511e72cc5c93a7835ffe32%22%2C%22repoName%22%3A%22Viking-Restaurant-Consultants%2FOdins-Almanac-site%22%2C%22actor%22%3A%22huffstetler312-dotcom%22%2C%22slotName%22%3A%22production%22%2C%22commitMessage%22%3A%22Complete%20Odin%27s%20Almanac%20platform%20-%20add%20Odin%27s%20Eye%20financial%20automation%20as%20third%20product%22%7D" X-Client-IP="172.174.167.19" X-Client-Port="56320" >
  <step title="OneDeploy" date="2025-10-22T20:13:28.401" >
    <step title="Starting PushDeployAsync" date="2025-10-22T20:13:28.405" /><!-- duration: 2ms -->
    <step title="Removing node_modules symlink" date="2025-10-22T20:13:28.410" >
      <step title="Writing artifact to /tmp/zipdeploy/f7c05810-00cd-4635-95ec-26975801bec2.zip" date="2025-10-22T20:13:28.426" >
        <step title="Writing multipart request body to /tmp/zipdeploy/f7c05810-00cd-4635-95ec-26975801bec2.zip" date="2025-10-22T20:13:28.428" /><!-- duration: 2ms -->
      </step><!-- duration: 272ms -->
      <step title="Start deployment in the background" date="2025-10-22T20:13:28.704" >
        <step title="Acquiring Deployment Lock" date="2025-10-22T20:13:28.710" /><!-- duration: 2ms -->
        <step title="Acquired Deployment Lock" date="2025-10-22T20:13:28.734" /><!-- duration: 1ms -->
      </step><!-- duration: 84ms -->
    </step><!-- duration: 380ms -->
    <step title="Outgoing response" date="2025-10-22T20:13:28.792" type="response" statusCode="202" statusText="Accepted" /><!-- duration: 2ms -->
  </step><!-- duration: 395ms -->
