<step title="BackgroundTrace" date="2025-10-22T20:28:10.655" instance="f79af4" url="/api/publish" method="POST" >
  <step title="Creating temporary deployment - FetchDeploymentManager" date="2025-10-22T20:28:10.703" /><!-- duration: 2ms -->
  <step title="Creating temporary deployment" date="2025-10-22T20:28:10.706" /><!-- duration: 31ms -->
  <step title="Performing fetch based deployment" date="2025-10-22T20:28:10.750" >
    <step title="Cleaning up temp folders from previous zip deployments and extracting pushed zip file /tmp/zipdeploy/f077c46b-7436-41b3-855b-48b1338ddfda.zip (2.39 MB) to /tmp/zipdeploy/extracted" date="2025-10-22T20:28:11.857" >
      <step title="ChmodRecursive Process exited with total time taken in ms: 28" date="2025-10-22T20:28:12.212" /><!-- duration: 2ms -->
    </step><!-- duration: 359ms -->
    <step title="Deployment timer started" date="2025-10-22T20:28:14.221" >
      <step title="DeploymentManager.Deploy(id:405df931-5448-43e6-8711-ae7bc9535000)" date="2025-10-22T20:28:14.225" >
        <step title="Collecting changeset information" date="2025-10-22T20:28:14.232" /><!-- duration: 56ms -->
        <step title="Updating submodules" date="2025-10-22T20:28:14.291" /><!-- duration: 1084ms -->
        <step title="Determining deployment builder" date="2025-10-22T20:28:15.539" >
          <step title="Builder is OneDeployBuilder" date="2025-10-22T20:28:15.546" /><!-- duration: 2ms -->
        </step><!-- duration: 11ms -->
        <step title="PreDeployment: context.CleanOutputPath False" date="2025-10-22T20:28:15.589" >
          <step title="PreDeployment: context.OutputPath /home/site/wwwroot" date="2025-10-22T20:28:15.681" >
            <step title="Building" date="2025-10-22T20:28:15.785" >
              <step title="Executing external process" date="2025-10-22T20:28:16.262" type="process" path="starter.sh" arguments="/opt/Kudu/Scripts/absoluteTar.sh /tmp/zipdeploy/extracted/node_modules /tmp/zipdeploy/extracted/node_modules.tar.gz" /><!-- duration: 346ms -->
              <step title="Executing external process" date="2025-10-22T20:28:16.826" type="process" path="starter.sh" arguments="/opt/Kudu/Scripts/parallel_rsync.sh /tmp/zipdeploy/extracted /home/site/wwwroot 8 /tmp/ False False node_modules " /><!-- duration: 934ms -->
              <step title="Modified file to trigger a restart of the app container." date="2025-10-22T20:28:18.387" /><!-- duration: 2ms -->
              <step title="Skip function trigger and logicapp sync because function is not enabled." date="2025-10-22T20:28:18.391" /><!-- duration: 6ms -->
              <step title="Purge deployment items" date="2025-10-22T20:28:19.200" >
                <step title="Remove 1d8a6e6a-, Success, received at 10/22/2025 04:19:19" date="2025-10-22T20:28:19.230" /><!-- duration: 2ms -->
              </step><!-- duration: 33ms -->
            </step><!-- duration: 3500ms -->
          </step><!-- duration: 3606ms -->
          <step title="Cleaning up temp files" date="2025-10-22T20:28:19.289" /><!-- duration: 3ms -->
          <step title="Cleaning up temp files" date="2025-10-22T20:28:19.295" /><!-- duration: 503ms -->
          <step title="Reloading status file with latest updates" date="2025-10-22T20:28:19.814" >
            <step title="WebHooksManager.PublishEventAsync: PostDeployment" date="2025-10-22T20:28:19.817" /><!-- duration: 13ms -->
          </step><!-- duration: 17ms -->
          <step title="Cleaning up temporary deployment - fetch deployment was successful" date="2025-10-22T20:28:19.834" /><!-- duration: 1ms -->
        </step><!-- duration: 4288ms -->
      </step><!-- duration: 5661ms -->
