<step title="BackgroundTrace" date="2025-10-22T20:11:54.462" instance="f79af4" url="/api/publish" method="POST" >
  <step title="Creating temporary deployment - FetchDeploymentManager" date="2025-10-22T20:11:54.501" /><!-- duration: 2ms -->
  <step title="Creating temporary deployment" date="2025-10-22T20:11:54.507" /><!-- duration: 31ms -->
  <step title="Performing fetch based deployment" date="2025-10-22T20:11:54.553" >
    <step title="Cleaning up temp folders from previous zip deployments and extracting pushed zip file /tmp/zipdeploy/98e6c983-f0ad-427c-aafd-5ca2a45e368f.zip (2.38 MB) to /tmp/zipdeploy/extracted" date="2025-10-22T20:11:55.660" >
      <step title="ChmodRecursive Process exited with total time taken in ms: 26" date="2025-10-22T20:11:56.007" /><!-- duration: 2ms -->
    </step><!-- duration: 352ms -->
    <step title="Deployment timer started" date="2025-10-22T20:11:58.016" >
      <step title="DeploymentManager.Deploy(id:b1fe8bc0-194e-4233-bbcf-7c89940d705e)" date="2025-10-22T20:11:58.020" >
        <step title="Collecting changeset information" date="2025-10-22T20:11:58.039" /><!-- duration: 84ms -->
        <step title="Updating submodules" date="2025-10-22T20:11:58.128" /><!-- duration: 1094ms -->
        <step title="Determining deployment builder" date="2025-10-22T20:11:59.384" >
          <step title="Builder is OneDeployBuilder" date="2025-10-22T20:11:59.392" /><!-- duration: 2ms -->
        </step><!-- duration: 12ms -->
        <step title="PreDeployment: context.CleanOutputPath False" date="2025-10-22T20:11:59.431" >
          <step title="PreDeployment: context.OutputPath /home/site/wwwroot" date="2025-10-22T20:11:59.527" >
            <step title="Building" date="2025-10-22T20:11:59.628" >
              <step title="Executing external process" date="2025-10-22T20:12:00.298" type="process" path="starter.sh" arguments="/opt/Kudu/Scripts/absoluteTar.sh /tmp/zipdeploy/extracted/node_modules /tmp/zipdeploy/extracted/node_modules.tar.gz" /><!-- duration: 317ms -->
              <step title="Executing external process" date="2025-10-22T20:12:00.843" type="process" path="starter.sh" arguments="/opt/Kudu/Scripts/parallel_rsync.sh /tmp/zipdeploy/extracted /home/site/wwwroot 8 /tmp/ False False node_modules " /><!-- duration: 1188ms -->
              <step title="Modified file to trigger a restart of the app container." date="2025-10-22T20:12:03.259" /><!-- duration: 3ms -->
              <step title="Skip function trigger and logicapp sync because function is not enabled." date="2025-10-22T20:12:03.264" /><!-- duration: 2ms -->
              <step title="Purge deployment items" date="2025-10-22T20:12:04.051" >
                <step title="Remove 719e3863-, Success, received at 10/22/2025 04:15:22" date="2025-10-22T20:12:04.092" /><!-- duration: 2ms -->
              </step><!-- duration: 45ms -->
            </step><!-- duration: 4530ms -->
          </step><!-- duration: 4632ms -->
          <step title="Cleaning up temp files" date="2025-10-22T20:12:04.161" /><!-- duration: 2ms -->
          <step title="Cleaning up temp files" date="2025-10-22T20:12:04.165" /><!-- duration: 509ms -->
          <step title="Reloading status file with latest updates" date="2025-10-22T20:12:04.691" >
            <step title="WebHooksManager.PublishEventAsync: PostDeployment" date="2025-10-22T20:12:04.693" /><!-- duration: 15ms -->
          </step><!-- duration: 19ms -->
          <step title="Cleaning up temporary deployment - fetch deployment was successful" date="2025-10-22T20:12:04.712" /><!-- duration: 1ms -->
        </step><!-- duration: 5340ms -->
      </step><!-- duration: 6759ms -->
