<step title="Incoming Request" date="2025-10-17T02:09:51.084" instance="7a7f00" url="/api/publish?async=true&amp;deployer=GITHUB_ONE_DEPLOY&amp;type=zip&amp;message=%7B%22type%22%3A%22deployment%22%2C%22sha%22%3A%225727d2afbafb3b3d8a24a774a1244dd74fbae9f0%22%2C%22repoName%22%3A%22Viking-Restaurant-Consultants%2FOdins-Almanac-site%22%2C%22actor%22%3A%22huffstetler312-dotcom%22%2C%22slotName%22%3A%22Production%22%2C%22commitMessage%22%3A%22ci%3A%20update%20Azure%20deploy%20workflow%22%7D" method="POST" type="request" pid="821,1,27" Host="odinsalmanac-drbxbhewetbghqdu.scm.westcentralus-01.azurewebsites.net" User-Agent="GITHUBACTIONS_DeployWebAppToAzure_c4b12f9f412cb9eab3363b9552d68afb4a9340a4604608b3a9a6c6760314d16a" Authorization="Bea..." Content-Type="application/octet-stream" Cookie="ARRAffinity=7a7f004cd3d2e3ef494097d8654fc812afeddc1aafc48fa8890078fb78a7ad4d;Path=/;HttpOnly;Secure;Domain=odinsalmanac-drbxbhewetbghqdu.scm.westcentralus-01.azurewebsites.net; ARRAffinitySameSite=7a7f004cd3d2e3ef494097d8654fc812afeddc1aafc48fa8890078fb78a7ad4d;Path=/;HttpOnly;SameSite=None;Secure;Domain=odinsalmanac-drbxbhewetbghqdu.scm.westcentralus-01.azurewebsites.net" Transfer-Encoding="chunked" X-ARR-LOG-ID="da255637-a745-4e1f-a8c6-c43b8a1c0c4b" CLIENT-IP="20.161.71.50:27648" X-SITE-DEPLOYMENT-ID="Odinsalmanac" WAS-DEFAULT-HOSTNAME="odinsalmanac-drbxbhewetbghqdu.scm.westcentralus-01.azurewebsites.net" X-Forwarded-Proto="https" X-AppService-Proto="https" X-Forwarded-TlsVersion="1.3" X-WAWS-Unencoded-URL="/api/publish?async=true&amp;deployer=GITHUB_ONE_DEPLOY&amp;type=zip&amp;message=%7B%22type%22%3A%22deployment%22%2C%22sha%22%3A%225727d2afbafb3b3d8a24a774a1244dd74fbae9f0%22%2C%22repoName%22%3A%22Viking-Restaurant-Consultants%2FOdins-Almanac-site%22%2C%22actor%22%3A%22huffstetler312-dotcom%22%2C%22slotName%22%3A%22Production%22%2C%22commitMessage%22%3A%22ci%3A%20update%20Azure%20deploy%20workflow%22%7D" X-Client-IP="20.161.71.50" X-Client-Port="27648" >
  <step title="OneDeploy" date="2025-10-17T02:09:51.132" >
    <step title="None repository commit" date="2025-10-17T02:09:51.141" >
      <step title="Commit id: 04cb72bd-1876-4acb-8602-c28ddda8b1be" date="2025-10-17T02:09:51.143" Message="N/A" AuthorName="N/A" AuthorEmail="N/A" /><!-- duration: 2ms -->
    </step><!-- duration: 5ms -->
    <step title="Starting PushDeployAsync" date="2025-10-17T02:09:51.149" /><!-- duration: 2ms -->
    <step title="Writing artifact to /tmp/zipdeploy/ac1d0fff-6d3c-42d7-8f61-142b3e97ae25.zip" date="2025-10-17T02:09:51.159" >
      <step title="Writing multipart request body to /tmp/zipdeploy/ac1d0fff-6d3c-42d7-8f61-142b3e97ae25.zip" date="2025-10-17T02:09:51.161" /><!-- duration: 2ms -->
    </step><!-- duration: 199ms -->
    <step title="Start deployment in the background" date="2025-10-17T02:09:51.363" >
      <step title="Acquiring Deployment Lock" date="2025-10-17T02:09:51.374" /><!-- duration: 2ms -->
      <step title="Acquired Deployment Lock" date="2025-10-17T02:09:51.410" /><!-- duration: 2ms -->
    </step><!-- duration: 105ms -->
  </step><!-- duration: 340ms -->
  <step title="Outgoing response" date="2025-10-17T02:09:51.477" type="response" statusCode="202" statusText="Accepted" /><!-- duration: 2ms -->
</step><!-- duration: 397ms -->
