<step title="BackgroundTrace" date="2025-10-22T04:15:19.165" instance="f79af4" url="/api/publish" method="POST" >
  <step title="Creating temporary deployment - FetchDeploymentManager" date="2025-10-22T04:15:19.191" /><!-- duration: 2ms -->
  <step title="Creating temporary deployment" date="2025-10-22T04:15:19.195" /><!-- duration: 43ms -->
  <step title="Performing fetch based deployment" date="2025-10-22T04:15:19.251" >
    <step title="Cleaning up temp folders from previous zip deployments and extracting pushed zip file /tmp/zipdeploy/c56e87cd-69c3-4e9f-b162-ea44fc466fd8.zip (2.37 MB) to /tmp/zipdeploy/extracted" date="2025-10-22T04:15:20.345" >
      <step title="ChmodRecursive Process exited with total time taken in ms: 26" date="2025-10-22T04:15:20.731" /><!-- duration: 2ms -->
    </step><!-- duration: 390ms -->
    <step title="Deployment timer started" date="2025-10-22T04:15:22.745" >
      <step title="DeploymentManager.Deploy(id:719e3863-70f9-466b-8400-a6abdb985737)" date="2025-10-22T04:15:22.748" >
        <step title="Collecting changeset information" date="2025-10-22T04:15:22.754" /><!-- duration: 72ms -->
        <step title="Updating submodules" date="2025-10-22T04:15:22.830" /><!-- duration: 1095ms -->
        <step title="Determining deployment builder" date="2025-10-22T04:15:24.125" >
          <step title="Builder is OneDeployBuilder" date="2025-10-22T04:15:24.130" /><!-- duration: 1ms -->
        </step><!-- duration: 8ms -->
        <step title="PreDeployment: context.CleanOutputPath False" date="2025-10-22T04:15:24.184" >
          <step title="PreDeployment: context.OutputPath /home/site/wwwroot" date="2025-10-22T04:15:24.256" >
            <step title="Building" date="2025-10-22T04:15:24.350" >
              <step title="Executing external process" date="2025-10-22T04:15:24.812" type="process" path="starter.sh" arguments="/opt/Kudu/Scripts/absoluteTar.sh /tmp/zipdeploy/extracted/node_modules /tmp/zipdeploy/extracted/node_modules.tar.gz" /><!-- duration: 298ms -->
              <step title="Executing external process" date="2025-10-22T04:15:25.317" type="process" path="starter.sh" arguments="/opt/Kudu/Scripts/parallel_rsync.sh /tmp/zipdeploy/extracted /home/site/wwwroot 8 /tmp/ False False node_modules " /><!-- duration: 822ms -->
              <step title="Modified file to trigger a restart of the app container." date="2025-10-22T04:15:26.751" /><!-- duration: 3ms -->
              <step title="Skip function trigger and logicapp sync because function is not enabled." date="2025-10-22T04:15:26.756" /><!-- duration: 3ms -->
            </step><!-- duration: 3184ms -->
          </step><!-- duration: 3283ms -->
          <step title="Cleaning up temp files" date="2025-10-22T04:15:27.543" /><!-- duration: 5ms -->
          <step title="Cleaning up temp files" date="2025-10-22T04:15:27.556" /><!-- duration: 506ms -->
          <step title="Reloading status file with latest updates" date="2025-10-22T04:15:28.081" >
            <step title="WebHooksManager.PublishEventAsync: PostDeployment" date="2025-10-22T04:15:28.090" /><!-- duration: 24ms -->
          </step><!-- duration: 35ms -->
          <step title="Cleaning up temporary deployment - fetch deployment was successful" date="2025-10-22T04:15:28.119" /><!-- duration: 2ms -->
        </step><!-- duration: 3998ms -->
      </step><!-- duration: 5447ms -->
