﻿<?xml version="1.0" encoding="utf-8"?>
<deployment>
  <id>2a9f29d3-6301-4a25-ac09-048c7a61f4ad</id>
  <author>N/A</author>
  <deployer>OneDeploy</deployer>
  <authorEmail>N/A</authorEmail>
  <message>OneDeploy</message>
  <progress></progress>
  <status>Success</status>
  <statusText></statusText>
  <lastSuccessEndTime>2025-10-22T20:13:37.4318453Z</lastSuccessEndTime>
  <receivedTime>2025-10-22T20:13:32.3465492Z</receivedTime>
  <startTime>2025-10-22T20:13:33.6034447Z</startTime>
  <endTime>2025-10-22T20:13:37.4318453Z</endTime>
  <complete>True</complete>
  <is_temp>False</is_temp>
  <is_readonly>True</is_readonly>
  <buildSummary />
</deployment>