﻿<?xml version="1.0" encoding="utf-8"?>
<deployment>
  <id>e231bdfa-a578-4cc1-90b5-42039906fa9c</id>
  <author>N/A</author>
  <deployer>OneDeploy</deployer>
  <authorEmail>N/A</authorEmail>
  <message>OneDeploy</message>
  <progress></progress>
  <status>Success</status>
  <statusText></statusText>
  <lastSuccessEndTime>2025-10-23T05:46:37.5524154Z</lastSuccessEndTime>
  <receivedTime>2025-10-23T05:46:32.7483128Z</receivedTime>
  <startTime>2025-10-23T05:46:34.0121069Z</startTime>
  <endTime>2025-10-23T05:46:37.5524154Z</endTime>
  <complete>True</complete>
  <is_temp>False</is_temp>
  <is_readonly>True</is_readonly>
  <buildSummary />
</deployment>