﻿<?xml version="1.0" encoding="utf-8"?>
<deployment>
  <id>6abbe6a2-9f90-4988-bd44-3786f5a1857a</id>
  <author>N/A</author>
  <deployer>OneDeploy</deployer>
  <authorEmail>N/A</authorEmail>
  <message>OneDeploy</message>
  <progress></progress>
  <status>Success</status>
  <statusText></statusText>
  <lastSuccessEndTime>2025-10-23T02:06:03.236012Z</lastSuccessEndTime>
  <receivedTime>2025-10-23T02:05:57.8420041Z</receivedTime>
  <startTime>2025-10-23T02:05:59.1318059Z</startTime>
  <endTime>2025-10-23T02:06:03.236012Z</endTime>
  <complete>True</complete>
  <is_temp>False</is_temp>
  <is_readonly>True</is_readonly>
  <buildSummary />
</deployment>