﻿<?xml version="1.0" encoding="utf-8"?>
<deployment>
  <id>405df931-5448-43e6-8711-ae7bc9535000</id>
  <author>N/A</author>
  <deployer>OneDeploy</deployer>
  <authorEmail>N/A</authorEmail>
  <message>OneDeploy</message>
  <progress></progress>
  <status>Success</status>
  <statusText></statusText>
  <lastSuccessEndTime>2025-10-22T20:28:18.74543Z</lastSuccessEndTime>
  <receivedTime>2025-10-22T20:28:14.2485591Z</receivedTime>
  <startTime>2025-10-22T20:28:15.4804137Z</startTime>
  <endTime>2025-10-22T20:28:18.74543Z</endTime>
  <complete>True</complete>
  <is_temp>False</is_temp>
  <is_readonly>True</is_readonly>
  <buildSummary />
</deployment>