﻿<?xml version="1.0" encoding="utf-8"?>
<deployment>
  <id>0b591711-9be9-45a0-b369-56e89053368a</id>
  <author>N/A</author>
  <deployer>OneDeploy</deployer>
  <authorEmail>N/A</authorEmail>
  <message>OneDeploy</message>
  <progress></progress>
  <status>Success</status>
  <statusText></statusText>
  <lastSuccessEndTime>2025-10-22T17:29:05.8374694Z</lastSuccessEndTime>
  <receivedTime>2025-10-22T17:29:01.3295367Z</receivedTime>
  <startTime>2025-10-22T17:29:02.600219Z</startTime>
  <endTime>2025-10-22T17:29:05.8374694Z</endTime>
  <complete>True</complete>
  <is_temp>False</is_temp>
  <is_readonly>True</is_readonly>
  <buildSummary />
</deployment>