﻿<?xml version="1.0" encoding="utf-8"?>
<deployment>
  <id>e38e9557-40f2-4751-a9b2-4bff09956637</id>
  <author>N/A</author>
  <deployer>OneDeploy</deployer>
  <authorEmail>N/A</authorEmail>
  <message>OneDeploy</message>
  <progress></progress>
  <status>Success</status>
  <statusText></statusText>
  <lastSuccessEndTime>2025-10-22T16:04:41.7679533Z</lastSuccessEndTime>
  <receivedTime>2025-10-22T16:04:36.6621426Z</receivedTime>
  <startTime>2025-10-22T16:04:37.9341078Z</startTime>
  <endTime>2025-10-22T16:04:41.7679533Z</endTime>
  <complete>True</complete>
  <is_temp>False</is_temp>
  <is_readonly>True</is_readonly>
  <buildSummary />
</deployment>